slug,name,job_count
6sense,6sense,35
abacus,ABACUS,54
abc,ThoughtWorks_new,25
accrue,Accrue,8
acommerce,aCommerce,59
acquia,Acquia,14
activate,"Activate Global, Inc",4
acumen,Acumen,6
advancedmd,AdvancedMD,2
adyen,Adyen,255
aec,AEC,12
aerospike,Aerospike,19
affinity,Affinity.co,25
affirm,Affirm,172
agilisys,Agilisys,6
airbnb,Airbnb,236
akoya,Akoya,3
akqa,AKQA,49
alameda,Alameda Veterinary Clinic,1
algolia,Algolia,29
align,A-LIGN External,23
aligned,Aligned,4
alixpartners,AlixPartners,110
allcare,All Care Animal Hospital,1
alloy,Alloy,20
alma,Alma,10
alphasights,AlphaSights,83
altium,Altium,7
amplitude,Amplitude,67
amwins,Amwins,155
anaplan,Anaplan,226
antenna,Antenna,7
aperture,Aperture Labs,13
appdirect,AppDirect,57
appian,Appian Corporation,166
appier,Appier,79
applovin,AppLovin,31
appsflyer,AppsFlyer,57
aqr,AQR,41
archer,Archer Veterinary Clinic,1
ark,Ark Veterinary Hospital & Urgent Care,3
array,Array,16
artefact,Artefact,127
arvinas,Arvinas,8
asana,Asana,134
asg,ASG,10
aspira,Aspira,8
athena,Athena Group Advisors,1
atricure,AtriCure,6
attune,Attune,4
autoscout24,AutoScout24,45
autotrader,Autotrader,12
avepoint,AvePoint,335
aviary,Aviary,14
axial,Axial,3
axiom,Axiom,20
axogen,Axogen,37
axs,AXS,49
aylo,Aylo Careers,54
babylist,Babylist,22
backblaze,Backblaze External Website,45
baidu,Baidu USA,24
bandwidth,Bandwidth,38
barbarian,Barbarian,4
bark,BARK,3
baublebar,BaubleBar,5
bearingpoint,BearingPoint Ireland,10
benchprep,BenchPrep,4
betterment,Betterment,32
beyond,Beyond,6
beyondtrust,BeyondTrust,61
billtrust,Billtrust US Careers,14
bitgo,BitGo,52
bitly,Bitly Inc.,1
blacklane,BLACKLANE,17
blend,Blend,5
blip,Blip,2
blockchain,Blockchain.com,34
bloomreach,Bloomreach,68
blueconic,BlueConic,3
bluestone,Bluestone Physician Services,13
boku,Boku,17
bookbub,BookBub,1
brainstation,BrainStation,22
branch,Branch,9
brandwatch,Brandwatch,32
bugcrowd,Bugcrowd,23
buzzfeed,"Employment Opportunities at BuzzFeed, Inc.",10
cabify,Cabify,56
caliber,Caliber,1
callrail,CallRail,7
calm,Calm.com,1
cannondale,Cannondale,10
capco,Capco,757
cardflight,CardFlight,3
cargomatic,Cargomatic,27
cargurus,CarGurus,53
castlery,Castlery,18
catawiki,Catawiki,62
celigo,Celigo,26
centennial,Centennial Real Estate Company LLC,15
ceros,Ceros,6
cerus,Cerus,5
chargepoint,ChargePoint,40
checkr,Checkr,67
chime,"Chime Financial, Inc",69
cipherhealth,CipherHealth,2
circleci,CircleCI,10
cision,Cision,61
civicactions,CivicActions,1
classpass,ClassPass,61
clear,CLEAR - Corporate,63
clever,Clever,6
cloudflare,Cloudflare,180
cloudian,"Cloudian, Inc",2
clutch,Clutch Technologies Inc.,85
codepath,CodePath,9
collectivehealth,Collective Health,13
colovore,Colovore,7
community,Rome Community Partners,1
commvault,Commvault,110
conga,Conga,49
contentful,Contentful,102
convene,Convene,25
convera,Convera,74
conviva,Conviva,7
cookunity,CookUnity,147
cortex,Cortex,6
cortica,Cortica,58
costar,Co–Star,3
coupang,Coupang,454
coursera,Coursera,8
cpm,Chicago Public Media,14
credera,Credera Experienced Hiring Job Board,62
credible,Credible,4
crescent,Crescent,33
crunchyroll,"Crunchyroll, LLC",63
cultureamp,Culture Amp,19
current,Current,3
cybereason,Cybereason,4
cytokinetics,Cytokinetics,12
d2l,D2L,43
dashlane,Dashlane,15
datadog,Datadog,409
dataiku,Dataiku,59
daylight,Daylight,6
dealpath,Dealpath,14
decide,Decide,2
degreed,Degreed,4
dialpad,Dialpad,82
digimarc,Digimarc,6
disney,Sgt. Pepper's Lonely Hearts Club Band,1
distrokid,DistroKid,2
divergent,Divergent,55
dmgt,DMGT,1
dojo,Dojo,52
dots,Dots,1
doubleverify,DoubleVerify,72
doximity,Doximity,16
dropbox,Dropbox,72
druva,Druva,22
dublin,Dublin Veterinary Hospital,1
duda,Duda,2
dunnhumby,dunnhumby,67
duolingo,Duolingo,82
earnest,Earnest,11
eclipse,Eclipse,1
edb,EDB,42
edmentum,Edmentum,20
edo,EDO,15
eko,eko,9
elastic,Elastic,150
elite,"Elite Physical Therapy, Inc.",24
emarketer,EMARKETER,12
embrace,Embrace,8
emed,eMed,2
emerge,Emerge,2
emi,EMI,4
encore,Encore,2
energyhub,EnergyHub,20
engine,Engine,61
enova,Enova International,35
ensemble,Ensemble,3
entera,Entera,6
equilibrium,Equilibrium,3
equityzen,EquityZen,2
escribe,eSCRIBE,1
eso,ESO,27
esri,Esri,450
etec,energytec.ai,3
ethos,Ethos,2
eucalyptus,Careers at Eucalyptus,83
everlane,Everlane,22
everlaw,Everlaw,40
excel,Excel Learning Center,43
explore,Explore,3
fanduel,FanDuel,129
fastly,Fastly,68
feedzai,Feedzai,38
fetch,Fetch,52
fieldwire,Fieldwire,24
fingerprint,Fingerprint,18
five9,Five9,186
fivetran,Fivetran,132
flexport,Flexport,101
fluxx,Fluxx,6
forbes,Forbes,25
forbion,Forbion,1
formlabs,Formlabs,168
forter,Forter,49
forward,Forward,7
foundry,Foundry,19
fourkites,FourKites,11
fox,Fox Creek Veterinary Hospital - Wildwood,6
galileo,Galileo,15
gallup,Gallup,53
gemini,Gemini,25
gener8tor,gener8tor,7
getscale,GetScale,1
getwellnetwork,Get Well Network,19
getyourguide,GetYourGuide,73
ghost,Ghost,1
gitlab,GitLab,180
givelify,Givelify,3
glassbeam,"Glassbeam, Inc.",1
glide,Glide,2
glooko,Glooko,2
glossier,Glossier,20
gmp,GMP,2
gocardless,GoCardless,41
godaddy,GoDaddy,43
gravity,Gravity,4
greenhouse,Greenhouse,23
greycroft,Greycroft,1
groupon,Groupon,24
gumgum,GumGum,25
hackerrank,HackerRank Careers,45
hark,Hark,38
harmonic,Harmonic,11
harrys,Harry's,12
haven,Haven Interactive Studios,3
hbs,HBS,17
hellofresh,HelloFresh,401
hibu,Hibu,637
highground,High Ground Service Pros,9
hive,Hive,14
homelight,HomeLight,17
honeybook,HoneyBook,13
hook,Hook,8
hootsuite,Hootsuite,39
hover,Hover,18
huddleup,Huddle Up,21
hungryroot,Hungryroot,9
ideo,IDEO,10
iex,IEX Group,8
ifit,iFIT,15
ignition,Stress-Free Auto Care Ignition Program,5
imbue,Imbue,4
impact,Impact.com,96
independent,BR,1
indigo,Indigo,3
industrial,Industrial Door Company,2
infomedia,Infomedia,8
ingenio,"Ingenio, LLC",8
inmobi,InMobi,82
innovid,Innovid,13
insomniac,Insomniac Games,4
instabase,Instabase,12
instacart,Instacart,124
integra,IntegraFEC,8
inter,Inter Carreiras,152
intercom,Fin,169
international,UpWork International,1
intradiem,Intradiem,5
invoca,Invoca,13
iterable,Iterable,41
its,Intelligent Technical Solutions,23
jellyvision,Jellyvision,7
jfrog,JFrog,105
jumia,Jumia,2
jumio,Jumio,20
jumo,JUMO,9
juno,Juno,4
justworks,Justworks,85
jwp,JWX,4
kaleo,Kaléo,5
karat,Karat,9
kargo,Kargo,10
kaseya,Kaseya Careers,133
kayak,KAYAK,1
keen,Keen Advisor Questionnaire,1
kettle,Kettle,5
kickstarter,Kickstarter PBC,3
knock,Knock,3
kodiak,Kodiak,63
latitude,Latitude AI,40
lendingtree,LendingTree,23
life360,Life360,36
lighthouse,Lighthouse,55
linkedin,LI Test Company,53
linqia,Linqia,12
liveperson,LivePerson,27
lob,Lob,6
location,- - Confidential - -,2
london,Aimé Leon Dore EU,4
lookout,Lookout,4
loop,Loop,16
lotlinx,Lotlinx,8
luminate,Luminate,5
lush,Lush Handmade Cosmetics,157
lyft,Lyft,125
mantis,Mantis,6
mark43,Mark43,37
marqeta,Marqeta,42
mcafee,McAfee Heating and Air Conditioning,2
mcmaster-carr,McMaster-Carr Job Board,1
medium,Medium,1
medrio,Medrio,7
mercari,Mercari,3
mercury,Mercury,54
meriton,Meriton,33
mesh,Mesh,26
metalab,Metalab,7
metro,Metro East JV,6
metron,Metron,9
microblink,Microblink,3
mighty,Mighty,4
mindbody,Mindbody,35
mithril,Mithril,4
mitratech,Mitratech,31
mixmax,Mixmax,2
mixpanel,Mixpanel,38
mobilityware,MobilityWare,6
mobius,Mobius,12
mojio,Mojio,2
mongodb,MongoDB,417
moon,Moon Creative Lab,2
motive,Motive,3
movableink,Movable Ink,25
mozilla,Mozilla,56
myfitnesspal,MyFitnessPal,3
myheritage,MyHeritage,8
nansen,Nansen.ai,5
nasuni,Nasuni,38
natera,Natera,187
national,NATIONAL,3
naukri,Team Konovo,6
nds,NDS company,4
netcracker,Netcracker,52
netcraft,Netcraft,13
netskope,Netskope,123
neuropace,NeuroPace,10
new,Sonja Inc.,1
newsela,Newsela,22
newsweek,Newsweek,17
newton,Newton,2
nexamp,Nexamp,41
nextdoor,Nextdoor,31
nexus,CGS Nexus,5
nice,NICE,408
nintendo,Nintendo,63
nirmata,Nirmata,5
nmi,NMI,9
nordeus,Nordeus,8
novoed,"NovoEd,  Inc.",7
nubank,Nubank,107
nurix,Nurix,15
oasis,Oasis Physical Therapy,14
offerup,OfferUp,4
ogilvy,Ogilvy,163
ohio,OH.io,2
okta,Okta,375
ombud,Ombud,1
onevest,OneVest,4
ooma,Ooma,6
opendoor,Opendoor,57
opensesame,OpenSesame,18
opentable,OpenTable,49
oportun,Oportun,47
opswat,OPSWAT,95
orchard,Orchard,56
orchestra,Orchestra,38
ordergroove,Ordergroove,8
oscar,Oscar Health,238
osmosis,Osmosis,10
outfit7,Outfit7,18
pagerduty,PagerDuty,40
pangaea,Pangaea,1
pantheon,"Pantheon Systems, Inc",23
paradigm,Paradigm,3
partssource,PartsSource,19
patch,Patch,7
patientpoint,PatientPoint,20
paystand,Paystand,11
peak,Peak Physical Therapy - Upstream,49
pelago,Pelago,20
peloton,Peloton,60
perfectserve,PerfectServe,19
performline,PerformLine,1
philo,Philo,6
pinterest,Pinterest,164
polaris,Polaris,1
praxis,Praxis,4
presencelearning,Presence,6
pressable,Pressable,3
prismatic,Prismatic,1
prolific,Prolific,173
pronto,Pronto,2
proof,Proof,29
propublica,ProPublica,10
pubmatic,PubMatic,59
pubnub,PubNub,2
pulse,Pulse Healthcare,2458
pursuit,Pursuit,5
qualtrics,Qualtrics,45
quantifind,Quantifind,11
questbridge,QuestBridge,2
quince,Quince,133
quinstreet,QuinStreet,31
quip,quip,4
reach,Reach Financial,1
realm,Realm,4
rebtel,Majority,13
reddit,Reddit,155
regent,Regent,13
reliant,Reliant,3
resilience,Resilience,3
resonate,Resonate,8
retailnext,RetailNext,3
retrofit,Retrofit Technology,3
revivn,Revivn,5
rga,R/GA Careers Page,20
rigup,RigUp,7
ringdna,Revenue.io,5
riskified,Riskified,33
robinhood,Robinhood,135
roblox,Roblox,291
rockbot,Rockbot,3
rocketmiles,"Rocket Travel, Inc.",8
roku,Roku,272
rstudio,Posit,5
rtp,Kiva RTP,5
rumble,Rumble - Career Page,14
rxvantage,RxVantage,11
sagent,Sagent,1
salesloft,Clari + Salesloft,28
salsify,Salsify,18
sandler,Sandler,1
sas,Superior Alarm Systems,6
scandit,Scandit,20
schoolmint,SchoolMint,2
scopely,Scopely,195
seatgeek,SeatGeek,38
securityscorecard,SecurityScorecard,32
seed,Seed,3
seesaw,Seesaw,11
showpad,Showpad,41
signpost,Signpost,3
silversky,SilverSky,4
similarweb,Similarweb,81
sirum,SIRUM,2
sisense,Sisense,12
skyscanner,Skyscanner,22
slice,Slice,54
slickdeals,Slickdeals,7
smartasset,SmartAsset,7
smartling,Smartling,7
smartsheet,Smartsheet,127
smarttrust,SmartTrust®,2
sofi,SoFi,166
sojern,Sojern,1
solarwinds,SolarWinds,92
sonicwall,SonicWall,28
sothebys,Sotheby's,56
sparkfund,Sparkfund,3
spire,Spire,46
splice,Splice,1
spothero,SpotHero,14
springboard,Springboard Roles,7
squarespace,Squarespace,27
stackadapt,StackAdapt,114
sterling,Sterling Brands,2
stripe,Stripe,485
submittable,Submittable,4
sumup,SumUp,457
sunrise,Sunrise Management,20
supreme,Supreme HVAC,1
sureify,Sureify,6
survata,Upwave,4
surveymonkey,SurveyMonkey,35
symphony,Symphony Communication Services,20
synack,Synack,6
system,System,3
taboola,Taboola,81
talkspace,Talkspace Corporate,15
tandemlaunch,TandemLaunch,6
tanium,Tanium,73
taskrabbit,Taskrabbit,14
tcs,Thornbury Community Services,71
tec,Tidewater Eye Centers,6
telesign,Telesign,20
tempo,Tempo,2
tesseract,identifeye HEALTH Inc.,1
testing,[DO NOT USE  - TEST [Training Use Only]],6
testlio,Testlio,13
thanx,Thanx,11
thirdlove,ThirdLove,2
thoughtworks,Thoughtworks,70
thrive,THRIVE,3
touchbistro,TouchBistro,7
transfergo,TransferGo,3
translucent,Translucent,7
trepp,Trepp,4
tribal,Tribal,1
tripadvisor,Tripadvisor,81
triplelift,TripleLift,30
trivago,trivago,7
trove,Trove Recommerce,1
trustpilot,Trustpilot,59
tucows,Tucows,14
twilio,Twilio,153
twitch,Twitch,57
udacity,Udacity,12
udemy,Udemy,17
universal,Universal,2
updater,Updater,3
uplift,UpLift,5
upside,Upside,4
upstart,Upstart,72
valtech,Valtech,112
vast,Vast,145
vaynermedia,VaynerMedia LLC,83
ventiva,Ventiva,2
veracode,Veracode,22
veracyte,Veracyte,43
verifone,Verifone,22
verisign,Verisign,20
vestmark,"Vestmark, Inc.",8
vgw,VGW,18
via,Via,159
viagogo,viagogo,6
videoamp,VideoAmp Careers Website,10
village,The Village Learning Center,3
virtru,Virtru,17
vonage,Vonage,78
voter,Vot-ER,5
vts,VTS,16
vumedi,Vumedi Inc.,11
wallapop,Wallapop,11
wasabi,Wasabi Technologies,10
weave,Weave,8
webflow,Webflow,35
webstacks,Webstacks,5
wellthy,Wellthy,11
wheelhouse,Wheelhouse,6
wil,Waterfront International Ltd,3
wing,Wing,39
wizeline,WIZELINE,54
wooga,Wooga,2
workato,Workato,167
workboard,WorkBoard,7
wpp,WPP,193
wrike,Wrike,48
yext,Yext,25
yotpo,Yotpo,38
youappi,YouAppi,1
yousician,Yousician,3
zam,ZAM,8
zattoo,Zattoo,13
zencoder,Zencoder,4
zerocater,Zerocater,10
zevia,Zevia,3
zinnov,Zinnov,89
ziprecruiter,ZipRecruiter,33
zocdoc,Zocdoc,48
zola,Zola,2
zoominfo,ZoomInfo Technologies LLC,65
zscaler,Zscaler,352
zuora,Zuora,53
