slug,job_count,sample_titles
a-place-for-mom,66,Senior Inside Sales Consultant (Remote/Eastern Time) | Senior Director of Engineering – Web Platform | Inbound Sales Representative (Remote/Pacific Time)
abundant,10,Head of Operations | Head of Product | Head of Research
abusix,2,Sales Executive B2B SaaS (Remote in EU) | Sales Executive B2B SaaS (Remote in US)
access,23,Associate Director of Sales | Creative Manager | Sales Manager
adaptive,9,Staff Software Engineer | Senior Software Engineer (Full Stack) | Account Executive - Mid Market
aduro-advisors,4,Accounting Manager | Technical Client Service Manager | Senior Corporate Finance & Accounting Analyst 
affirm,2,Senior Software Engineer  - Dublin | Sales Template
agave,1,Software Engineer
aida,3,AI Engineer | Frontend/Fullstack Engineer | Backend and Infra Engineer
airtasker,2,"Assistant Company Secretary (Part-time, 12 month contract) | Senior FP&A Analyst (12 month contract)"
aleph,7,Software Engineer | Engineering Manager | Business Development Representative
amber,22,Technical Project Manager - AI (F/M/*) | Account Manager BeNeLux (F/M/*) | Office and People Management Tirana (F/M/*)
andela,17,Staff Fullstack Engineer | AI Solutions Manager | AI Solutions Architect 
apexx,4,"Enterprise Account Executive | Head of Engineering | Head of Product, Payment Optimisation"
apiphany,7,Lead Deployment Strategist | Senior / Staff Infrastructure Engineer  | Senior / Staff Frontend Engineer
applied,230,Training and Development Lead | Software Engineer - Motion Planning (Fallback Stack) | Contingent Workforce Manager
april,8,Staff Full-Stack Engineer | Senior Full-Stack Engineer  | Senior Full-Stack Engineer
arcturus,6,Lead Additive Manufacturing Engineer  | Lead Carbon Nanomaterials Engineer  | Senior Scientist / Engineer
arenanet,2,General Applications | Marketing Analyst (Contract)
artemis,10,Senior Account Executive (Enterprise) | Senior Software Engineer   | Security Engineer
arthur,2,Robotics Software Engineer | Mechanical Engineering Intern
artisan,12,Growth | Build Your Own Role | Customer Success Manager
artsy,9,"Sales Manager, Gallery Partnerships | Lead Product Designer | Social Media Manager"
assembly,5,Senior Software Engineer | Growth & GTM Engineer | Customer Success Manager
astra,7,Account Executive | Senior Backend Engineer | Technical Account Manager
atg,7,Research Scientist | Member of Technical Staff (Research Engineering) | Member of Technical Staff (Backend)
atlas,12,"Software Engineer  | Founding Applied AI Engineer | Credit & Accounts Lead, Member Services"
atob,12,"Head of Sales, SMB | Business Operations Associate | Credit Underwriter "
attention,3,Design Engineer | Designer | Member of Technical Staff
augur,6,Frontier Engineer (Deployments) | Machine Learning Engineer | Backend Engineer
august,10,Forward Deployed Engineer | Software Engineer | Founding Account Executive
avida,2,Associate Product Manager | Performance Marketing Manager
axiom,3,ZK Proof Engineer | Distributed Systems Engineer | Forward Deployed Engineer
babbel,7,Senior Labour Relations Manager (all genders) | CRM Manager  | Senior Android Engineer - Growth & Revenue (all genders)
backflip,3,"Account Executive  | Senior Accountant, Investment Operations | Sales Development Representative"
backpack,8,Front-End Engineer (React Web) | Wallet Engineer (React Web) | Create Your Role
bedrock,7,"Engineer, Backend | Enterprise Account Executive | Engineer, Full Stack"
benchling,47,"Software Engineer, Full Stack (Study Lifecycle) | Software Engineer, Backend (Infrastructure Engineering) | Software Engineer, Developer Platform"
betterup,36,"Enterprise Account Executive | Principal HR Business Partner, R&D | Senior Enterprise Account Manager"
blacksmith,12,Product Engineer | Systems Engineer | Business Operations Lead
blink,7,Tech Lead - LATAM | Director of Engineering | Senior DevOps & Architecture Engineer
blockstream,44,"Don't see an open position that fits? Apply Here! | Software Engineer, Enterprise Custody | Full-Stack Software Engineer"
braintrust,35,"Commercial Account Executive (West Region) | Cloud Infrastructure Engineer | Software Engineer, Backend"
breadcrumb,1,Senior C# Full-Stack Software Engineer
breaker,4,"Perception Engineer | Localisation, Sensor Fusion & World Building | Office Manager | Robotic Software Engineer"
bridger,3,"Senior Software Engineer, Agent Platform | Senior Product Engineer | Senior Product Designer"
brunswick,6,Tele-Stroke Neurologist - Full Time Nocturnist | Tele Neurohospitalist - Full Time | Tele Neurohospitalist - Part Time
buffer,1,Senior Growth Engineer
build,5,AI Engineer (Core) | AI Engineer (Product) | Domain Lead (Development Services)
butter,3,Full-Stack Engineer | Go-To-Market Lead | Head of Product Growth
button,2,Founding Senior Backend Engineer | Growth Lead
cambium,6,Chief Financial Officer | Shop Hand | SVP of Supply Chain Operations
cambly,9,"Sales Development Representative | Marketing Specialist, Japan (Remote) | Account Executive — Greater China"
campfire,24,Account Executive |  Implementation Manager | Accounting Solutions Consultant - San Francisco
campus,18,IT Teaching Assistant | IT Instructor | Student Success Coach
cape,20,Software Engineer | Lead Mobile Engineer | Software Engineer - iOS
casdin-capital,1,Business Development Director
catchafire,1,Outreach Specialist - Social Impact (Contractor)
cedar,3,"Cedar Home Advisor | Sales Lead, National Partnerships & Mortgage Originators | Head of Transaction Support and Admin"
chalkboard,4,Senior Product Analyst | General Interest | Lead Software Engineer
chromatic,9,General Interest - Future Roles | Developer Relations - Go to Market | Revenue Operations Specialist
cinder,8,Software Engineer - Full Stack | Senior Software Engineer - Full Stack | Enterprise Account Executive
circuithub,7,Full-Stack Robotics Engineer | Production Operator | High-Paying Part-Time Roles for UMass Engineering Students
citizen,5,Senior Manager of News Editorial | Customer Experience and Safety Specialist | Head of News Operations
clarify,2,Frontend Engineer | Staff Software Engineer
clarium,7,Forward Deployed Engineer (Data) | Senior Fullstack Engineer | Engineering Manager
classdojo,18,Senior Growth Engineer | 0→1 Product Leader | Senior Full-Stack Engineer
clerky,1,Customer Operations & Writing Specialist
clipboard,60,Customer Experience Specialist | Customer Experience Specialist  | Customer Experience Specialist
close,10,Senior Software Engineer - Backend (USA Only - 100% Remote) | Site Reliability Engineer (USA Only - 100% Remote) | Customer Success Associate (USA Only - 100% Remote)
collective,12,"Account Executive | Lead Product Designer | Director, Head of Sales"
column,12,I don't fit into any of these roles! | Software Engineer | Growth
company,17,Process Engineering Program Manager | Senior Cell Engineer | CAE Engineer
conductor,3,Founding Product Engineer | Founding Design Engineer | Founding Product Designer
conduit,3,Senior Software Engineer (Rollup Product Team) | General Application | Business Operations Associate
confluent,52,"Senior Software Engineer | Senior Manager, Engineering - KORA | Senior Software Engineer"
context,4,Forward Deployed Engineer - MTS | MTS | Deployment Strategist
continue,3,Software Engineer (New grad) | Software Engineer (5+ years) | Software Engineer (10+ years)
conversion,11,Founding Ops | Growth Designer | Founding Product Designer
cosine,3,"ML Systems Engineer - Model Training and Infrastructure (SWE-focused LLMs) | Software Engineer, Cloud Infrastructure at Cosine | Product Engineer"
cosmos,4,Chief Operations Officer | Digital Art Director | Trainee Development ( paid )
council-capital,11,Nursing Director (Home Infusion) | Nursing Director (Infusion Therapy) | VP Clinical Nursing - PE Backed Home Infusion Start-Up
cube,17,Customer Data Lead | Business Development Representative | Senior Data Platform Manager 
dapper,22,Senior Content Marketer  | Senior Performance Marketer | Content Marketer 
dave,7,Staff Site Reliability Engineer | Vendor Operations Manager | Senior AI Reconciliation Analyst
deliveroo,241,"Business Recruiter | Head of New Categories launch, 6-month FTC | Business Development Manager"
delphi,7,VP Engineering | Full Stack (Product) Engineer | Design Engineer
demandbase,16,"Staff Software Engineer | Staff Database Platform Engineer | Growth Account Director, Mid-Market"
dimensional,9,Forward-Deployed Engineer (Robotics / Systems)   | Member of Technical Staff – Software & Infrastructure  | Member of Technical Staff – Agents 
dispatch,4,Senior Fullstack Engineer | Enterprise Account Executive | Fullstack Engineer
ditto,28,"Senior Public Safety and DHS Account Executive | Senior Software Engineer, Bluetooth | Senior Software Engineer, Database"
docker,42,"Senior Field Marketing Manager (EMEA) | Senior Software Engineer, Docker Desktop (East Coast) | Senior Data Scientist, Data Insights"
doppler,3,General Application  | Account Executive  | Head of Engineering 
double,7,Customer Success Manager | SDR (Pacific & Mountain Time Zones) | Product Quality Engineer (US CT/ET based only)
dovetail,4,Staff Software Engineer | Engineering Manager - Data Ingestion & AI | Site Reliability Engineer
dune,2,Account Executive | Account Executive (Based in NYC)
dust,26,Business Development Representative | Opportunistic Role - AI Builder | Senior Talent Acquisition Partner
echo,21,"ML Research Engineer, Speech | ML Infrastructure Engineer | Applied AI Scientist"
ekho,7,Full-stack Engineer | Enterprise Account Executive | Founding Product Manager
elicit,13,General interest | Machine Learning Engineer | Frontend Engineer
ello,1,Generalist Opening
emergence-capital-partners,7,Head of Talent/Recruiting Lead | Founding Designer | Forward Deployed Engineer
endgame,4,Founding Product Marketer | Account Executive | Head of Sales
envoy,19,Product Designer  | Accounting Manager | Enterprise Account Executive
epidemic-sound,3,Social Media & Content Intern (Plenty Labs) | Paid Social Expert | Music Partnership Manager
evertune,8,"Account Executive | Senior Software Engineer, Back End & Infrastructure (NYC OR Seattle) | Product Manager, GEO"
exa,27,"Account Executive | Brand Designer | Software Engineer, Backend"
excelerate,3,Consulting Manager | Consulting Manager | Consulting Manager – FP&A and EPM/ERP Transformation
expa,13,CA Family Law Attorney (Contract) | WA Family Law Attorney (Contract) | FL Family Law Attorney (Contract)
feathr,3,Backend Software Engineer | Principal Frontend Engineer | Principal Backend Software Engineer
felix,28,Manitoba Nurse Practitioner  | British Columbia - Nurse Practitioner | Software Engineer  (Intermediate and Senior Levels)
flint,7,Software Engineer | Product Engineer | AI Engineer
float,15,Full Stack Development (Remote - Canada) | Senior Product Designer | Customer Success Manager
flock,10,Underwriting Assistant | Senior Software Engineer - Expansion | Senior Software Engineer - Retain
flux,15,"Senior Platform Engineer  | Software Engineer, Agentic Products  | Platform Engineer "
focal,2,Field Deployment Engineer (Entry Level) | Sales Development Representative
focus,3,Join Our Talent Network – Future Opportunities: Design | Technical Product Manager | Senior/Staff Software Engineer
folio,8,"Software Engineer, Product (Full Stack) | Software Engineer, Backend | Sales"
forerunner,8,Full-Stack Technical Lead Manager | Business Development Representative  | VP of Customer Success
foresight,1,Senior Backend Engineer
forge,7,Forward Deployed Engineer | Forward Deployed Strategist | Platform Engineer
formula,3,Growth Product Manager (Monetization) | Senior User Acquisition Manager (Meta) | Analytics Engineer
fortytwo,3,Senior MLOps Engineer | Senior Rust Developer | Senior Solidity Developer
foursquare,4,Sales Associate | Associate Account Manager | Data Engineer
fulcrum,14,Head of Facilities & Technical Operations | Paid Media Executive | Marketing Director 
fundamental,20,ML Researcher | Forward Deployed Full-Stack Engineer | Data Research Engineer
fuser,4,Creative Solutions Manager | Community & Partnerships Coordinator | Jr. Full Stack Engineer
gainsight,3,"US: Standard Job Template (P) | Director, Pricing and Packaging | Director, Dragons"
garage,9,People Strategy & Operations Lead | Founding Designer | Software Engineer
generate,7,"Director, Large Load Interconnection & Strategy | Associate, Portfolio Finance | Counsel, Project Development"
genomics,10,Senior Data Manager | Mystra Customer Success Associate | Senior Scientist
georgian,1,TEST JOB
ghost,1,Founding Engineer
glide,9,Founding Account Executive | Digital Program Manager (DPM) | Founding Product Manager
glimpse,12,General Application | Mid-Market Account Executive | Implementation Manager (Onboarding & Delivery)
gooddata,5,"Sr. Backend Engineer (Kotlin, Calcite) | Sr. AI Python Engineer | Enterprise Customer Success Manager"
grapevine,2,Account Executive | Demand Generation Manager
gravity,1,Staff Software Engineer
hackerone,18,"Software Engineer, Applied AI | Financial Operations Analyst (Order Management) | Senior Growth Account Executive, Commercial (West)"
handshake,131,"Senior Cloud Engineer | Chief of Staff, CEO | Enterprise Account Manager, EMEA"
handspring,11,Part-time Child & Adolescent Mental Health Therapists (California) | Part-time Child & Adolescent Mental Health Therapists (New Jersey) | Part-time Child & Adolescent Mental Health Therapists (New York)
harmonic,8,"Research Engineer | Software Engineer | Research Engineer, Technical Lead"
hatch,11,Sales Development Representative | Senior Cloud Infrastructure Engineer | Enterprise Account Manager
healthsherpa,3,Don't See What You're Looking For? | Principal HRBP | Senior Agency Growth Manager
helion,103,Build Reliability Manager | R&D Manager of Test & Development | Senior Multiphysics Simulation Engineer
hercules,22,Customer Operations Lead | Customer Operations Lead | Technical Customer Support Engineer
hifi,5,"Account Executive | Operations Associate, New Grad | Engineering Associate, New Grad"
honeybook,12,Senior Talent Acquisition  | Product Marketing Lead | Senior Full Stack Engineer 
hook,8,Front End Engineer | Sales Development Representative | Pre-Sales / Solutions Consultant
hoopla,1,Business Development Representative
hopper,111,"Gestionnaire de produit principal - Natif de l'IA (100% à distance - Canada) | Principal Product Manager, HTS API Marketplace | Senior Backend Ads Engineer - HTS Media Services "
human,11,"Principal Product Manager | Web Security Researcher  | Senior Product Manager, Client Side Defense"
humanist,2,Founding Solutions Lead | Founding Head of Product
humanoid,66,Senior Dev/ML Ops Engineer | Senior Prototype Engineer | Robotics Simulation & Control Engineer
icon,6,Founding Sales | Founding Growth | Founding Engineer
ignition,3,"Senior Frontend Developer | Senior Accountant | Global Director, Marketing Events and Community"
illumio,86,Deal Desk Strategist  | Staff Engineer | Sr. Talent Partner / Part Time/ Contract
incident,29,Senior GTM Talent Partner | Strategic Account Executive | Enterprise Account Executive
inference,5,Filmmaker / Storyteller | Fullstack Engineer - Frontend Focus | Machine Learning Researcher
infinite,2,Founding Engineer | Senior AML Analyst
instructure,59,"Technical Consultant - MEXICO | Senior AI/ML Platform Engineer | Director, Talent Management & OD/OE"
interaction,5,Design Engineer | Member of Technical Staff | Other
interplay,12,"Cofounder + CEO, Manufacturing  | General Application | Operating Partner, Studio"
jigsaw,6,Business Development Representative | Product Success Associate | Business Development Representative 
joor,3,Head of Analytics  | Customer Success Manager  | Intergrations Manager 
jump,6,Join the Jump Product & Design Talent Pool  | Join the Jump Engineering Talent Pool | Join the Jump Go-To-Market Talent Pool
kayak,36,"Manager, Social Content & Community | Senior Director, EMEA Brand Marketing | Senior Technical Program Manager"
keep,1,Underwriting Analyst 
kernel,1,Future Roles @ Kernel - Talent Pool
kinetic,2,Founding Engineer | Founding Design Engineer
knock,5,"Developer Success Engineer - UK/Ireland | Engineering Manager, Platform | DevOps Engineer"
kombo,10,Founding US Solutions Engineer | Enterprise Account Executive | Senior Product Engineer (Full Stack)
kontakt,18,Senior Hardware Product Manager | Senior Software Data Platform Engineer | Enterprise Account Executive 
kueski,4,Staff Product Manager | Director of Product | Entrepreneur in Residence 
lark,3,"Project Manager | Senior Product Manager, Data | Senior Channel Marketing Manager"
layer,2,Head of Marketing | Head of Operations & Deployment
leandata,12,"GTM Engineer (Data & AI) | Machine Learning Engineer  | Director, ISV GTM & Strategic Alliances"
leap,12,Partner Activation Manager | Chief of Staff | Strategic Client Success Manager
level,31,"General Application (Austin, TX) | 3D Artist | Senior Producer"
linear,23,Senior / Staff Fullstack Engineer | Senior / Staff Fullstack Engineer | Senior / Staff Product Engineer
liquid,9,Member of Technical Staff | Member of GTM | Mobile Engineer - iOS
lunar,13,Clinical Workflow Informaticist  | Business Operations Analyst | Hospital Operations Analyst
mainstay,9,"Flex Agent - 1099 Independent Contractor | Field Flex Agent - 1099 Independent Contractor - Florida (Orlando, Tampa, Miami, Jacksonville, Fort Myers) | Field Flex Agent - 1099 Independent Contractor "
masabi,11,Executive Business Partner (Part-Time) | Engineering Manager (FTC) | Customer Technical Support Engineer 
maven,5,Senior/Staff Software Engineer | Head of GTM / Expert Partnerships | Customer Support Manager
meadow,4,Sales Development Representative | Senior Software Engineer | Senior Product Designer
mento,26,AI Engineer | Finance Coach (VP+) | People Operations Coach (SVP or C-suite)
metamorphic,10,ML Research Engineer (Computer Vision) | ML Research Scientist (Computer Vision) | ML Research Engineer (Language)
mindvalley,6,"AI, Innovation & Growth Associate (Working directly with Vishen Lakhiani) | Social Media Content Producer | Senior Social Media Specialist"
miso,22,Product Operations Manager | Operations Intern (정규직 전환형) | Customer Sales Supervisor
mistral,178,"Senior AI Deployment Strategist - Paris | HR People Ops EMEA | Commercial Legal Counsel, EMEA"
moment,11,Front End / Full Stack Engineer | Distributed Systems Engineer | Product Designer
monogram,7,Applied AI Engineer | Designer | Design Engineer
monumental,23,"  Assembly & Prototyping Technician | Software Engineer, Platform | Forward Deployed Robotics Engineer"
mosaic,7,Global Head of Sales | Head of EMEA Sales | Software Engineer
moxie,9,PH- Meta Specialist | PH - Marketing Web Designer (Squarespace) | Medspa Medical Director (California)
mubi,3,"Senior Infrastructure Engineer (AI-First) | Social Media Intern, MX | Social Media Intern, BR"
multiply,3,Mortgage Loan Originator | Branch Manager | Lock & Scenario Analyst
mural,20,"Engineering Manager, Data Modeling | Senior Product Designer, Growth (Upper Funnel) | Principal Product Designer, Integrated Workflows"
neon,6,Software Engineer | Senior Software Engineer | Software Engineer
nerdwallet,24,Senior/Account Executive - NerdWallet Small Business | Senior/Account Executive - NerdWallet Small Business | Licensed Insurance Sales Agent
netgear,54,SQA Automation Engineer | Senior Fullstack/Java Software Engineer | Staff SW Engineer
nirvana,2,"Manager, Underwriting Strategy & Operations | Sr Manager, Corporate Development"
nomad,6,Property Accounting Manager | Staff Software Engineer | Senior Software Engineer II
notion,140,"Outbound Business Development Representative  | Solutions Engineer, EMEA | Application Security Engineer, AI Security"
novel,5,Product Designer | Engineer | Director of Marketing
novo,11,Senior Analytics - Strategy and Analytics | Escalations Support Specialist | Senior KYC Analyst
obvious,6,"Field Marketing, Fellowship Program | Growth Marketing, Fellowship Program | Full Stack Product Engineer"
omaze,8,Senior Backend Engineer | Senior Full Stack Engineer | Staff Software Engineer
omni,24,"Managing Architect (North America) | Software Engineer - TypeScript/JavaScript | Solutions Engineer - Pre-Sales (San Francisco, CA)"
opal,11,Software Engineer | Forward Deployed Engineer | Enterprise Account Executive - West Coast
opengov,77,Implementation Consultant | Sr. Software Engineer. | Principal Product Manager 
orca,2,Open Application | Head of Product
orchard,15,Customer Success Manager | Robotics Software Engineer (Perception & Localization) | Senior Full-Stack Engineer
osmo,16,"Robot Operator | Contract Sensory Panelist (Fragrance) | Environment, Health, and Safety Leader"
outpost,6,Yard Operations Lead | Yard Operations Lead | Yard Operations Associate
outsmart,10,Principal Product Manager | Faculty Lead & Learning Engineer - Sciences | Faculty Lead & Learning Engineer - Math
overtone,4,Senior Backend Engineer | AI Engineer | Senior Mobile Engineer
oyster,11,Customer Success Manager (EMEA) | Oyster Talent Community Sign Up | Operational Excellence Specialist (Onboarding)
paddle,30,Principal Frontend Engineer | Senior Account Executive | Strategic Account Executive
padlet,18,Software Engineer – Mobile | Customer Support Associate | Software Engineer – Mobile
paradigm,4,Product - Paradigm Portfolio | Growth - Paradigm Portfolio | Engineering - Paradigm Portfolio
parity,4,Security Engineer - Remote | Core Developer - Polkadot Runtime | Product Engineer (AI)
passport,6,"Manager, Business Development | Warehouse Operations Associate | Director of Sales"
patreon,19,"Senior Software Engineer, Storage | Porto Site Lead | Product Designer, Discovery"
payscale,17,Account Executive | Mid Market | Account Executive - Mid-Market I (PH) | Account Manager I (Manila)
pearl,17,Sales Development Representative | Customer Success Associate (Part-Time) | Senior Software Engineer
peek,9,Product Designer | Skills Lab / Open Application | DevOps Engineer
persona,18,"Brand Designer, Web | Software Engineer, Resilience | Software Engineer, Data Infrastructure"
pharos,1,Physician AI Researcher 
phil,18,Pharmacy Wholesale Technician  | Registered Pharmacy Technician - Part-Time  | Staff Licensed Pharmacist
phoenix,9,Nurse Practitioner - Virtual Care | SEO Manager | Senior Graphic Designer
pika,6,"Senior Software Engineer, Backend | Senior Software Engineer, Agent | Software Engineer, iOS"
plaid,88,"Data Scientist - Network Value | Technical Support Engineer | Risk Analyst, Customer Oversight"
poshmark,33,"Sr. Software Engineer, Cloud Platform | Software Engineer II, Cloud Platform | Software Engineer, SRE"
prelude,16,Sales Intern | Backend Engineer (Go) | SMB Account Executive
prime,3,ML Engineer | Staff Data Engineer | Sr. Credit Analyst
primer,17,"Senior Software Engineer, Full Stack | Engineering Talent Pool | Major Gifts"
profound,81,"Software Engineer, Frontend | Account Executive, Enterprise  | AI Strategist, Data"
prompt,22,AR Specialist | Business Development Representative- Hybrid (B2B SaaS) | Senior Full Stack Software Engineer (B2B SaaS)
propel,10,"Staff Software Engineer (Fullstack) | Senior Brokerage Operations Associate | Senior Full Stack Engineer, Healthcare"
protegrity,7,Machine Learning Engineer (PhD or MS Required) 756 | Principal Performance Engineer 750 | Technical Lead 774
proxima,9,Computational Chemist | Scientific Software Engineer | Computational Biologist
pulse,10,Account Executive | Software Engineer | DevOps Engineer
pure,3,Founding GTM Leader (Sales) | Full Stack Software Engineer | Director of Physical Security
pursuit,2,"Product Marketing Manager (Remote, USA) | Business Development Representative (Ann Arbor, MI)"
quantcast,17,Senior Sales Manager | Account Manager | Senior Web Developer - Technical Operations & CMS
quantum,9,Senior Data Engineer | Senior Commercial Insights Analyst | Head of CRM
qumulo,2,TEST ROLE 2 | TEST ROLE ONLY
quora,4,"Staff Machine Learning Engineer - Recommendations, Quora (Remote) | Senior Machine Learning Engineer, Ranking - Quora (Remote) | Machine Learning Tech Lead - Feed Personalization, Quora (Remote)"
quorum,8,Business Development Representative  | Senior Fullstack Software Engineer | Account Manager
qwilr,2,Customer Success Manager | Customer Success Manager
radiant,10,Senior Network Engineer | Engineering Manager | Senior Software Engineer
rain,39,Backend Engineer |   Pitch your own role! | Forward Deployed Engineer
ramp,113," Security Engineer, Cloud | AI Operations Specialist | Agentic Workflows | Mobile Engineer, Android"
reach,4,Staff Software Engineer (Backend) | Senior Software Engineer (Frontend) | Software Engineer (Data Platform)
readme,3,"Enterprise Support Engineer | OAS Engineer | Full Stack Engineer, AI"
real,21,QA Lead | QA Automation Engineer (PlayWright) | Escrow Officer Talent Network 
regent,12,"Seaglider Test Operator | Electromechanical Technician | SkillBridge: Manager, Defense Business Development"
relay,37,Senior Software Engineer | Live Operations Agent - Bulgaria Remote | Senior Operational Research Scientist - Last Mile
rescale,14,"Senior Account Executive, Korea | Enterprise Account Executive (Remote) | HPC Engineer, AI and Data"
reserve,1,Stay in touch
reset,1,Full Stack Engineer
rev,4,"Vice President, Finance | Senior Business Operations Manager | Senior Software Engineer"
rho,25,Senior Software Engineer | Full Stack Software Engineer | Senior Product Designer
sanctuary,7,Civil Engineer | Associate - Capital Markets | Personal Assistant [Remote]
sandstone,7,Account Executive - Mid-Market | Account Executive - Enterprise | Summer Internship
saturn,7,"Partner, Growth | Partner, Enterprise | Partner Support"
savvymoney,14,"Senior Software Development Engineer, Backend (India) | Software Development Engineer, React JS / Front End (India) | Data Scientist, AI & Machine Learning Systems (Dublin, CA)"
scaler,2,Workplace Experience Intern | Client Strategy & Operations Associate
sciencelogic,13,"Software Engineer, Test | Assistant General Counsel | Account Executive, Public Sector (Department of War)"
seneca,10,Software Engineer (iOS) | Electrical Engineer | Senior Deep Learning Engineer (Perception)
sequoia,14,LOA Coordinator | Director of Web and Digital Experience  | Employee Advocate
shepherd,14,"Senior Underwriter | Software Engineer, Full Stack | Executive Underwriter"
shift,16,Key Account Manager  | Senior Salesforce Engineer | Payments Specialist
shook,4,Freelance AI Video Creator | Open Application | Shook Freelance Creative Operations
simplify,2,Temp Job less fields | Temp Job
singular,11,Senior Backend Engineer  | Customer Success Manager | Senior DevOps Engineer
skydio,110,Staff Technical Recruiter | PhD Autonomy Engineer Intern - Planning & Controls (Reinforcement Learning) | Wireless Hardware Engineer Intern
skyscanner,22,"Engineering Referrals 2025 | Product Marketing Manager, Ads | Product Marketing Manager, Ads"
smarkets,10,Software Engineer | Dev Ops Engineer | Senior Cloud Infrastructure Engineer
snowball,15,"YouTube Video Producer — Confidential Design-Tech Unicorn | Creative Strategist, YouTube (Long-Form) | YouTube Video Producer - Confidential Enterprise Tech Client"
socure,99,"GTM Operations Analyst | Principal Solution Consultant, Post-Sales (Platform) | Director of Government Affairs"
solstice,12,Member of Technical Staff (Frontend) | Member of Technical Staff (Applied AI) | Member of Technical Staff (Fullstack)
spacecurve,1,Head of Hardware Engineering
speakeasy,5,Sales Development Rep | Forward Deployed Engineer | Product Engineer - Gram 
sphere,12,Founding Account Executive (Europe) | Chief of Staff | Senior Backend Engineer (Infrastructure)
spoton,99,"Associate Manager, Menu Design & Development | Senior Software Engineer II (Golang, Partnerships) | Territory Sales Representative / Restaurant Specialist - Cleveland, OH (East)"
sprig,7,"Research Partner- Contract | Senior Software Engineer, AI Team | Senior Software Engineer, Core"
stealth-startup,4,Staff Product Designer | Product Engineer | Applied ML Engineer
stellar,34,"Senior Director, Account Management | Senior Director, Account Management | Technical Product Marketing Manager"
strava,23,"Senior Product Counsel   | Senior Business Analyst | Engineering Manager, Identity Platform"
stream,1,Lead Engineer – Platform & Infrastructure
substrate,7,"Research Scientist, AI | Standard Cell Design Lead | Electromechanical Engineer"
sunrise,10,Forward Deployed Engineer | Open Application | Infrastructure & Security Engineer
supercell,51,"Senior Live Ops Manager, Clash of Clans | Senior Programmer, Engine Reliability | Senior Meta Programmer, Clash Royale"
surveymonkey,35,Finance Planning & Analysis (FP&A) Analyst | Finance Planning & Analysis (FP&A) Analyst | Finance Planning & Analysis (FP&A) Analyst
swan,8,Infrastructure Software Engineer | Machine Learning Software Engineer | Robotics Software Engineer
sweep,9,Sales Development Representative | Strategic Account Executive  | Senior Back-End Developer
switchboard,6,Commercial Lending Officer | Implementation Manager | Sales Engineer
swoop,12,Software Engineer - Backend | Technical Program Manager (Cleared) | Software Engineer - Embedded Systems
synthetic,2,Staff/Principal Software Engineer | Staff/Principal Software Engineer (US Remote)
tacit,8,Patent Agent | General Interest | Electrical Engineering Intern
tamr,1,Business Development Representative 
tango,1,Keep me in mind! 
tempo,6,Product Designer - Agent+ | Frontend Engineer (React Native) | Product Delivery Manager
terminal,6,Founding Account Executive | Founding Partnership Lead (Ecosystem / Product Partnerships) | Staff Software Engineer - Data Platform
ternary,2,Create Your Own Role! | Software Engineering Manager
thatgamecompany,26,Brand Manager - China  | General - Design | General - Art
thumbtack,41,"Commercial Ops Analyst (Data Analyst) | Pro Success Specialist | Data Scientist II, Partnerships and Commercial Programs"
tillster,19,Senior Data Analyst  | Senior Full-Stack Software Engineer | Data Scientist 
tilt,9,Strategy & Operations Manager - Categories | Strategic Partnerships Manager - UK | Associate GM - UK
toms,2,Supply Chain Intern - EMEA | Footwear Developer
top-hat,7,Product Design Lead | Sales Representative (Account Executive) - Salt Lake City | Sales Representative (Account Executive) - Denver
traba,14,General Application | Staff Product Manager | Director of Strategy & Bizops
traverse,4,Head of Research | Research Intern | Founding Engineer
trove,5,Founding Backend Engineer | Founding Machine Learning Engineer | Founding Frontend / Full-Stack Engineer
unify,19,"Senior Data Engineer, Enrichment | Senior Software Engineer, Backend Product | Engineering Manager"
united-talent-agency,35,"Housekeeper | Reception Supervisor | Analyst, Data Governance "
upside,21,"Staff Full Stack Software Engineer | Staff Full Stack Engineer, GTM Systems | Principal Product Marketing Manager, Product Commercialization"
vanilla,7,Customer Success Manager | Senior Software Engineer - AI Applications  | Strategic Partnerships Director
velocity,4,Product Engineer | Financial Crime Operations - Manager | KYC & TM Analyst (Part-Time)
venn,12,Senior Frontend Engineer | Technical Talent Sourcer | Business Development Representative
vesta,12,Software Engineer - Backend | Account Executive | Software Engineer - Fullstack
vibe,17,Acount Manager APAC - Performance Marketing - Mandarin speaker | Senior Customer Success Manager | Director of Product Analytics
victorious,5,Senior SEO Strategist | Content Strategist | Senior Account Manager
viggle,8,Designer | Member of Technical Staff (intern/co-op) | Viggle UGC Content Creator
volition-capital,2,Analyst | AI Specialist
voxel,7,"Senior Software Engineer, ML Infrastructure | Product Designer | General Opportunity "
wealthsimple,35,"Future Opportunities - North Star: Calling all Canadians Abroad | Staff Product Designer (Multiple Roles, Multiple Teams) | Senior Data Scientist, Marketing Data"
weave,42,"Engineering Manager - Machine Learning | Senior Product Manager, Integrations | Technical Support"
wellth,2,Senior Health Informatics Data Analyst | Program Operations Manager
whoop,171,Android Engineer II (Hardware Accelerate) | Senior Android Engineer (Hardware Accelerate) | Staff iOS Engineer (Connectivity)
world-golf-tour,2,Data Analyst | Marketing Data Analyst
writer,51,"Senior manager, solutions architecture (UK) | Enterprise AI adoption lead (East) | Senior software engineer, enterprise AI platform (UK)"
xero,76,Customer Experience People Lead | Lead Engineer (API Platform) | Customer Experience Specialist - Accounting 
zapier,23,"Talent Community Form | Sales Engineer, Enterprise | Account Executive, Enterprise"
zefr,5,"Lead Machine Learning Operations (MLOps) Engineer | Manager, Machine Learning Operations (MLOps)  | IT Lead/IT Manager"
zip,114,"Senior / Principal Product Manager | Software Engineer, Identity | Business Development Representative"
