slug,job_count,sample_title
15five,6,Fractional Certified Coach - APAC Timezones
achievers,18,AI Operations Manager
aircall,103,Account Executive - Strategic
aleph,104,📌 Business Head - Pinterest Ads Sales
alloy,8,Data Integration Specialist (Contractor)
analogfolk,3,Junior Creative / Content Creator
angellist,16,Engineering Manager
ans,41,Battery Storage Commissioning Engineer
appzen,23,AI Engineer
argonaut,2,Freelance Interest
articulate,11,AI and Automation Engineer (Workato)
authentic8,5,Database Administrator (DBA)
avero,3,Account Manager
basis,5,"Software Engineer, Tools & Services"
bazaarvoice,30,Account Director (Sales) - SMB
blablacar,26,Audience Monetization Manager
blinq,11,Field SDR - Events (Atlanta)
brightedge,25,Account Executive
capital,70,AI Integration Specialist
career,1,Test Job
caremessage,6,Growth Manager
catalist,4,Absentee & Early Vote Specialist
catalyze,2,Performance & Analytics Manager
cheerz,4,Alternance Chef de projet CRM F/M
chownow,10,"Director, Account Management"
cic,12,"Accounting Manager - Tokyo, Japan"
clari,4,"Mgr, Engineering - Data Science"
clearpoint,8,AI Engineering Director
cloudinary,31,ABM & Paid Specialist (Contract)
coalfire,15,Account Executive - Compliance Sales
compstak,6,Client Success Manager
coupa,101,Account Development Representative
crowdriff,1,Senior Accountant
despegar,169,¡Sumate a nuestro equipo de Finance - Planning & Control!
digimarc,5,"Director, Retail Market Development (remote TX, CO, NY, WA, OR only)"
drivemode,20,Backend Software Engineer (Bilingual - Japanese/ English)
dronedeploy,12,"Account Executive – Enterprise, EMEA"
dynamic-connections,9,Account Manager
editorialist,7,Catalog Analyst-Intern
edpuzzle,1,School Success Associate  (Northeast-Based)
engine,2,Chief Growth Officer
esper,6,Director of Sales
fantasy,8,Experience Director (UX)
farfetch,61,Accountant (Maternity Cover - 1 year)
fieldnation,20,"Assistant Program Manager, Talent Delivery"
fiscalnote,16,Account Executive
floqast,67,"Account Executive, Canada"
founderscard,6,"Account Manager, Benefit Partnerships"
fundrise,1,Senior Software Engineer
futurenow,1,General Application
glide,20,Behavioral Health Counselor
gmo,7,Client Systems Manager
greenlight,20,"Account Executive, Financial Institutions"
gynesonics,2,Account Executive - Houston
harmony,9,Blockchain Engineer
highspot,4,Account Development Representative
hint,1,"Software Engineer, Mobile (iOS & Android)"
hive,75,Account Executive
horizon,1,Research Scientist
houzz,10,Brand Media Operations Coordinator
hush,11,Architectural Designer
idt,114,Accounts Receivable / Collections Representative
illumination,1,HR Operations Generalist
infinit,12,Account Executive - Automotive
integrate,11,Backend Engineer
intersect,30,AI Solutions
ion,92,"Accounts Payable Specialist, Italy"
jobandtalent,17,DE - Senior Account Executive
jobvite,4,New Job 1
jumpcloud,27,Channel Manager - Brazil
kabam,18,Associate Balance Designer
levelup,14,Copywriter
linkedin,16,Cloud Support Engineer - Raghav
lucidworks,1,"Search Engineer, Technical Support (Government Sector) - EVERGREEN ROLE"
luminary-labs,4,Associate
magnify,3,Customer RevOps Manager
mahmee,7,Evening Certified Lactation Consultant
marketcircle,1,Project Coordinator & CEO Operations Manager - 1 year contract
mashgin,15,AI Developer Experience
maya,5,Account Manager
mega,12,Creative Marketing Lead
mendix,23,Business Development Representative - Arabic Speaking
menta,220,1:1 Individual Student Aide
metlife,39,Andres Gonzalez - Consultor/a Comercial en Protección - Manizales
microventures,14,Client Support Specialist
mindtickle,31,"Account Executive, Expansions [NAMER]"
minted,5,AI & Automation Engineer
mistral,162,"Account Executive - Enterprise, (Consulting)"
mobile-action,2,Senior Product Designer
modeln,24,"Assistant Controller, Senior Director of Accounting"
moo,34,Account Executive
neon,14,Analista de Crédito Pleno - Afirmativa para Pessoas Pretas e Pardas
neowiz,36,[NEOWIZ China] Product Operations Manager
newton,3,An Open Call for Talent
nextech,14,Account Based Marketing Manager (Remote US)
noodle,3,"Director, Integrated Marketing"
oktopost,8,Account Executive
olo,14,Associate Software Engineer - Engage
onit,16,AI Engineer
openx,11,Associate Account Manager
osedea,23,Applied AI Scientist
outlast,12,Controller
outreach,34,"Account Manager, Commercial"
palantir,234,Administrative Business Partner
panopto,14,"Account Manager, Americas"
payactiv,5,Database Developer
paytm,145,Account Executive - Enterprise Sales
peerspace,3,"Associate Investigator, Trust and Safety"
piccollage,10,Company Operations Intern
pinkoi,3,(Sr.) Digital Performance Marketing Specialist / （資深）數位廣告投手
pipedrive,35,Account Executive
pivotal,26,Aircraft Mechanic II
plivo,1,Video Editor
powerex,1,General Application
proof,1,Director of Solutions Engineering
prosper,15,Assistant General Counsel
quantcast,17,Account Manager
quartzy,3,"Senior Territory Manager, Bay Area"
raine,1,Analyst / Associate (Barcelona)
realself,3,Account Director
relay,3,"Frontend Developer (React, TypeScript)"
reply,54,Account Executive
researchgate,2,"Sales Manager, ResearchGate Marketing Solutions (m/w/d)"
resilinc,5,"Engineering, Product & Data Science Future Opportunities"
retro,6,Full-Cycle Recruiter
revinate,3,Enterprise Client Sales Consultant
rise,29,Account Manager
rocketship,96,Adapted Physical Education Paraprofessional
rover,16,Database Reliability Engineer
scality,6,Customer Solutions Engineer Paris
servicerocket,9,Associate Solutions Architect
sfmoma,3,"Associate Registrar, Exhibitions"
simulmedia,9,"Director/Senior Director, Pharma/Healthcare"
skygrid,1,Senior People Operations Manager
skyslope,1,Customer Support Technician (2026)
smarsh,39,"Account Executive III, Corporate Accounts (New Logo)"
snaplogic,6,Account Development Representative
sonatype,15,"Associate Manager, Solutions Delivery Engineer"
sophos,121,AI Automation Lead – Enterprise Platforms
soum,8,AI / GenAI Solutions Engineer
spotify,202,Account Executive - Backstage
spyglass,3,Accounts Receivable Supervisor
startuptap,3,"GIS Sales Team Lead – Utilities, Telecom, Rail"
sugarcrm,14,Customer Success Manager - Key
synthego,2,Quality Control Analyst
tact,3,Applied Behavior Analysis (ABA) Technician
teamsnap,4,Enterprise Account Executive
teleo,13,Electrical Integration Engineer
tonic,2,Growth Lead
toptal,35,Account Executive
trellis,2,AI Engineer
trendyol,72,Accounting Intern (Saudi Nationals Only)
trustyou,5,Business Development Manager - Japan
ucsf,1,General Consideration
unify,9,Lead Android Engineer
veeva,1045,(Associate) Team Lead - Data Operations
vendavo,4,Consultant
vevo,8,Account Executive
walkme,70,Account Executive
watchguard,29,Chief MSP Officer
waterfall,6,Business Development
wattpad,14,[Wattpad] Account Executive
wealthfront,15,Android Engineer
whoop,171,AI Risk & Compliance Analyst
wisdomtree,7,Business Analyst / Project Manager - Website Development
xsolla,173,3D Character Artist (Unreal Engine)
zopa,33,Analytics Engineer
