job_id,title,company,location,posted,apply_url
4250601009,Junior Data Scientist,Kepora,Herndon,"May 16, 2026 8:59 AM",https://job-boards.greenhouse.io/kepora/jobs/4250601009?gh_src=my.greenhouse.search
4250600009,Software Developer,Kepora,Herndon,"May 16, 2026 8:59 AM",https://job-boards.greenhouse.io/kepora/jobs/4250600009?gh_src=my.greenhouse.search
4250596009,Data Scientist,Kepora,Herndon,"May 16, 2026 8:57 AM",https://job-boards.greenhouse.io/kepora/jobs/4250596009?gh_src=my.greenhouse.search
4250595009,Software Engineer,Kepora,Herndon,"May 16, 2026 8:56 AM",https://job-boards.greenhouse.io/kepora/jobs/4250595009?gh_src=my.greenhouse.search
4250593009,Software Engineer,Kepora,Herndon,"May 16, 2026 8:56 AM",https://job-boards.greenhouse.io/kepora/jobs/4250593009?gh_src=my.greenhouse.search
4250592009,Software Engineer,Kepora,Herndon,"May 16, 2026 8:55 AM",https://job-boards.greenhouse.io/kepora/jobs/4250592009?gh_src=my.greenhouse.search
4250591009,Software Engineer,Kepora,Herndon,"May 16, 2026 8:55 AM",https://job-boards.greenhouse.io/kepora/jobs/4250591009?gh_src=my.greenhouse.search
4250590009,Software Engineer,Kepora,Herndon,"May 16, 2026 8:54 AM",https://job-boards.greenhouse.io/kepora/jobs/4250590009?gh_src=my.greenhouse.search
4250589009,Software Engineer,Kepora,Herndon,"May 16, 2026 8:54 AM",https://job-boards.greenhouse.io/kepora/jobs/4250589009?gh_src=my.greenhouse.search
4250587009,Software Engineer,Kepora,Herndon,"May 16, 2026 8:53 AM",https://job-boards.greenhouse.io/kepora/jobs/4250587009?gh_src=my.greenhouse.search
4250586009,Software Engineer,Kepora,Herndon,"May 16, 2026 8:52 AM",https://job-boards.greenhouse.io/kepora/jobs/4250586009?gh_src=my.greenhouse.search
5994676004,Data Scientist,Prove,United States,"May 15, 2026 4:34 PM",https://job-boards.greenhouse.io/prove/jobs/5994676004?gh_src=my.greenhouse.search
7919124,Software Engineer ,Adyen,Chicago,"May 15, 2026 4:26 PM",https://job-boards.greenhouse.io/adyen/jobs/7919124?gh_src=my.greenhouse.search
5222572008,Data Scientist,9th Way Insignia,"Washington, District of Columbia, United States","May 15, 2026 3:52 PM",https://job-boards.greenhouse.io/9thwayinsignia/jobs/5222572008?gh_src=my.greenhouse.search
5222564008,Data Analyst,9th Way Insignia,"Washington, District of Columbia, United States","May 15, 2026 3:42 PM",https://job-boards.greenhouse.io/9thwayinsignia/jobs/5222564008?gh_src=my.greenhouse.search
5138026007,Business Insights Analyst,"AvidXchange, Inc.","Charlotte, North Carolina, United States","May 15, 2026 3:09 PM",https://job-boards.greenhouse.io/avidxchangeinc/jobs/5138026007?gh_src=my.greenhouse.search
7735968003,Data Operations Analyst,IEQ Capital,"Foster City, CA","May 15, 2026 2:30 PM",https://job-boards.greenhouse.io/ieqcapital/jobs/7735968003?gh_src=my.greenhouse.search
7909276,Data Analyst (Hybrid),Doximity,"San Francisco, CA","May 15, 2026 12:48 PM",https://job-boards.greenhouse.io/doximity/jobs/7909276?gh_src=my.greenhouse.search
5997000004,DevOps Engineer,Apptronik,"Onsite - Austin, TX","May 15, 2026 11:57 AM",https://boards.greenhouse.io/apptronik/jobs/5997000004?gh_jid=5997000004&gh_src=my.greenhouse.search
5138902007,ERP Business Analyst,fairlife,"Chicago, Illinois, United States; Coopersville, Michigan, United States; Goodyear, Arizona, United States; Webster, New York, United States","May 15, 2026 11:44 AM",https://job-boards.greenhouse.io/fairlife/jobs/5138902007?gh_src=my.greenhouse.search
4249625009,Business Intelligence (BI) Developer,Industrial Electric Manufacturing,US - Remote,"May 15, 2026 11:09 AM",https://job-boards.greenhouse.io/industrialelectricmanufacturing/jobs/4249625009?gh_src=my.greenhouse.search
7735328003,Software Engineer,540,Remote,"May 15, 2026 9:49 AM",https://job-boards.greenhouse.io/540/jobs/7735328003?gh_src=my.greenhouse.search
8551048002,Data Scientist II,2U,Crystal City,"May 14, 2026 10:24 PM",https://job-boards.greenhouse.io/2u/jobs/8551048002?gh_src=my.greenhouse.search
4218274009,Technical Business Analyst ,Lovelytics,"Arlington, VA , Chicago, IL, Remote, US","May 18, 2026 8:15 AM",https://job-boards.greenhouse.io/lovelytics/jobs/4218274009?gh_src=my.greenhouse.search,2026-05-18 12:31
4250842009,Software Engineer,GRVTY,"Annapolis Junction, Maryland, United States","May 18, 2026 9:19 AM",https://job-boards.greenhouse.io/grvty/jobs/4250842009?gh_src=my.greenhouse.search,2026-05-18 13:20
4250849009,Software Engineer,GRVTY,"Annapolis Junction, Maryland, United States","May 18, 2026 9:28 AM",https://job-boards.greenhouse.io/grvty/jobs/4250849009?gh_src=my.greenhouse.search,2026-05-18 13:31
4250846009,Software Engineer,GRVTY,"Annapolis Junction, Maryland, United States","May 18, 2026 9:22 AM",https://job-boards.greenhouse.io/grvty/jobs/4250846009?gh_src=my.greenhouse.search,2026-05-18 13:31
5093011007,Data Transport Engineer,Clarity Innovations,"Herndon, VA and/or Columbia, MD","May 18, 2026 9:32 AM",https://job-boards.greenhouse.io/clarityinnovates/jobs/5093011007?gh_src=my.greenhouse.search,2026-05-18 13:41
5222813008,Data Analyst,Analytic Services Inc,"Alexandria, VA","May 18, 2026 10:43 AM",https://job-boards.greenhouse.io/analyticservicesinc/jobs/5222813008?gh_jid=5222813008&gh_src=my.greenhouse.search,2026-05-18 14:51
4680941006,Data Engineer,SharkNinja,United States,"May 18, 2026 11:39 AM",https://job-boards.greenhouse.io/sharkninjaoperatingllc/jobs/4680941006?gh_src=my.greenhouse.search,2026-05-18 15:41
5216149008,Data Solution Engineer,"RA Capital Management, LLC","Boston, MA","May 18, 2026 1:06 PM",https://job-boards.greenhouse.io/racapitalmanagementllc/jobs/5216149008?gh_src=my.greenhouse.search,2026-05-18 17:11
4682091006,iSeries Software Developer,Mallory Alexander International Logistics,"Memphis, Tennessee, United States","May 18, 2026 12:51 PM",https://job-boards.greenhouse.io/malloryalexander/jobs/4682091006?gh_src=my.greenhouse.search,2026-05-18 18:41
8536416002,Director- Data Science ,3Cloud,Remote - US,"May 18, 2026 3:20 PM",https://job-boards.greenhouse.io/3cloud/jobs/8536416002?gh_jid=8536416002&gh_src=my.greenhouse.search,2026-05-18 19:31
5140610007,Junior Data Engineer,TransMarket Group,"Chicago, Illinois, United States","May 18, 2026 3:34 PM",https://job-boards.greenhouse.io/transmarketgroup/jobs/5140610007?gh_jid=5140610007&gh_src=my.greenhouse.search,2026-05-18 19:41
5224250008,Software Engineer,Point C,United States - Remote,"May 18, 2026 3:54 PM",https://job-boards.greenhouse.io/pointc/jobs/5224250008?gh_src=my.greenhouse.search,2026-05-18 20:01
5224376008,Cyber Data Engineer,D2 Technical Services,"Springfield, VA","May 18, 2026 4:55 PM",https://job-boards.greenhouse.io/d2consulting/jobs/5224376008?gh_src=my.greenhouse.search,2026-05-18 21:11
4251379009,Data Engineer,Closure Technologies,"Chantilly, Virginia","May 18, 2026 6:10 PM",https://job-boards.greenhouse.io/closure-tech/jobs/4251379009?gh_src=my.greenhouse.search,2026-05-18 22:20
4689667005,Security Analyst II,‎ConnectWise,USA-Remote,"May 19, 2026 7:00 AM",https://job-boards.greenhouse.io/connectwise/jobs/4689667005?gh_src=my.greenhouse.search,2026-05-19 12:11
5996982004,Software Engineer II,Garner Health,Remote,"May 18, 2026 10:12 AM",https://job-boards.greenhouse.io/garnerhealth/jobs/5996982004?gh_src=my.greenhouse.search,2026-05-19 13:51
5141448007,Data Engineer Intern (Summer 2026),fairlife,"Chicago, Illinois, United States","May 19, 2026 10:09 AM",https://job-boards.greenhouse.io/fairlife/jobs/5141448007?gh_src=my.greenhouse.search,2026-05-19 14:11
5225203008,Software Engineer 0 - Java,Captivation Software,"Annapolis Junction, MD","May 19, 2026 12:26 PM",https://job-boards.greenhouse.io/captivation/jobs/5225203008?gh_src=my.greenhouse.search,2026-05-19 16:31
5225244008,Software Engineer 2 - SE Focused,Captivation Software,"Annapolis Junction, MD","May 19, 2026 12:41 PM",https://job-boards.greenhouse.io/captivation/jobs/5225244008?gh_src=my.greenhouse.search,2026-05-19 16:51
4252281009,Systems Software Developer,Closure Technologies,"Chantilly, Virginia","May 19, 2026 1:59 PM",https://job-boards.greenhouse.io/closure-tech/jobs/4252281009?gh_src=my.greenhouse.search,2026-05-19 18:01
4697043005,Data Engineer,Wheelhouse,United States (Remote),"May 19, 2026 1:51 PM",https://job-boards.greenhouse.io/wheelhouse/jobs/4697043005?gh_src=my.greenhouse.search,2026-05-19 18:21
4250483009,Data Solutions Engineer,Abaka AI,"Mountain View, CA","May 19, 2026 3:09 PM",https://job-boards.greenhouse.io/abakaai/jobs/4250483009?gh_src=my.greenhouse.search,2026-05-19 19:11
5225364008,Data Analyst,CharterUP,"Atlanta, Georgia","May 19, 2026 3:19 PM",https://job-boards.greenhouse.io/charterup/jobs/5225364008?gh_src=my.greenhouse.search,2026-05-19 19:21
4180226009,Software Engineer,Assertive Professionals,"Hanover, MD","May 19, 2026 3:24 PM",https://job-boards.greenhouse.io/assertiveprofessionals/jobs/4180226009?gh_src=my.greenhouse.search,2026-05-19 19:31
8545526002,Principal Software Engineer,Alarm.com,"Tysons, Virginia","May 18, 2026 3:30 PM",https://job-boards.greenhouse.io/alarmcom/jobs/8545526002?gh_src=my.greenhouse.search,2026-05-19 19:31
7923199,Software Engineer II,Iterable,"Atlanta, Georgia; Austin, Texas; Boston, Massachusetts; Chicago, Illinois; Denver, Colorado; New York, New York; REMOTE - US","May 19, 2026 3:39 PM",https://job-boards.greenhouse.io/iterable/jobs/7923199?gh_src=my.greenhouse.search,2026-05-19 20:11
6000086004,Principal Data Engineer,HCEsquared,USA Remote,"May 19, 2026 4:11 PM",https://job-boards.greenhouse.io/hcesquared/jobs/6000086004?gh_src=my.greenhouse.search,2026-05-19 20:21
6000331004,"Data Analyst, Data Cloud Intelligence",Zeta Global,Remote - US,"May 19, 2026 4:27 PM",https://job-boards.greenhouse.io/zetaglobal/jobs/6000331004?gh_src=my.greenhouse.search,2026-05-19 20:31
4682912006,Principal Software Engineer,Outschool,Remote (U.S. & Canada),"May 19, 2026 4:12 PM",https://job-boards.greenhouse.io/outschool/jobs/4682912006?gh_src=my.greenhouse.search,2026-05-19 20:41
5225798008,ServiceNow Business Analyst,LIGHTFEATHER IO LLC,United States,"May 19, 2026 5:10 PM",https://job-boards.greenhouse.io/lightfeatheriollc/jobs/5225798008?gh_src=my.greenhouse.search,2026-05-19 21:21
4253209009,Data Operations Engineer,Abaka AI,"Mountain View, CA","May 19, 2026 6:55 PM",https://job-boards.greenhouse.io/abakaai/jobs/4253209009?gh_src=my.greenhouse.search,2026-05-19 23:01
8556861002,Software Engineer,Unchained Labs,"Pleasanton, CA","May 19, 2026 8:33 PM",https://job-boards.greenhouse.io/unchainedlabs/jobs/8556861002?gh_src=my.greenhouse.search,2026-05-20 00:41
5225685008,Financial Analyst,Ackermann Group,"Cincinnati, OH","May 19, 2026 4:17 PM",https://boards.greenhouse.io/ackermanngroup/jobs/5225685008?gh_jid=5225685008&gh_src=my.greenhouse.search,2026-05-20 11:01
5220823008,Business Analyst / Business Specialist,EQT Corporation,Remote,"May 20, 2026 8:00 AM",https://job-boards.greenhouse.io/eqtcorporation/jobs/5220823008?gh_src=my.greenhouse.search,2026-05-20 12:14
5225782008,GCP Cloud/DevOps Engineer,LIGHTFEATHER IO LLC,"Washington, DC","May 19, 2026 5:03 PM",https://job-boards.greenhouse.io/lightfeatheriollc/jobs/5225782008?gh_src=my.greenhouse.search,2026-05-20 13:21
5225776008,Azure DevOps Engineer,LIGHTFEATHER IO LLC,"Washington, DC","May 19, 2026 4:59 PM",https://job-boards.greenhouse.io/lightfeatheriollc/jobs/5225776008?gh_src=my.greenhouse.search,2026-05-20 13:21
5225767008,Azure Cloud/DevOps Engineer,LIGHTFEATHER IO LLC,"Washington, DC","May 19, 2026 4:57 PM",https://job-boards.greenhouse.io/lightfeatheriollc/jobs/5225767008?gh_src=my.greenhouse.search,2026-05-20 13:21
4682089006,Staff DevOps Engineer,Vast,"Long Beach, California, United States","May 19, 2026 12:52 PM",https://boards.greenhouse.io/vast/jobs/4682089006?gh_jid=4682089006&gh_src=my.greenhouse.search,2026-05-20 13:21
5140891007,Director of Data Engineering ,Courier Health,"New York, New York, United States","May 18, 2026 6:07 PM",https://job-boards.greenhouse.io/courierhealth/jobs/5140891007?gh_src=my.greenhouse.search,2026-05-20 13:31
4252739009,Data Scientist III - FES,Fanatics Betting & Gaming,"New York, NY, United States","May 20, 2026 9:47 AM",https://job-boards.greenhouse.io/fanaticsfbg/jobs/4252739009?gh_src=my.greenhouse.search,2026-05-20 14:21
7939836,Financial Analyst,Van Metre Companies,"Ashburn, VA","May 20, 2026 11:07 AM",https://job-boards.greenhouse.io/vanmetre/jobs/7939836?gh_src=my.greenhouse.search,2026-05-20 15:21
5141974007,Pricing Analyst,Remi,"Charlotte, North Carolina, United States","May 20, 2026 9:30 AM",https://job-boards.greenhouse.io/remi/jobs/5141974007?gh_src=my.greenhouse.search,2026-05-20 15:21
4253750009,Software Engineer,GRVTY,"Chantilly, Virginia, United States","May 20, 2026 12:30 PM",https://job-boards.greenhouse.io/grvty/jobs/4253750009?gh_src=my.greenhouse.search,2026-05-20 16:41
5142894007,Software Engineer,Sparksoft Corporation,"Columbia, Maryland - Hybrid","May 20, 2026 3:04 PM",https://job-boards.greenhouse.io/sparksoftcorporation/jobs/5142894007?gh_src=my.greenhouse.search,2026-05-20 19:11
5226786008, Software Development Engineer ,Quince,"Palo Alto, California, United States","May 20, 2026 3:31 PM",https://job-boards.greenhouse.io/quince/jobs/5226786008?gh_src=my.greenhouse.search,2026-05-20 20:01
5225799008,Technical Business Analyst - ServiceNow,LIGHTFEATHER IO LLC,United States,"May 19, 2026 5:11 PM",https://job-boards.greenhouse.io/lightfeatheriollc/jobs/5225799008?gh_src=my.greenhouse.search,2026-05-20 20:01
4697994005,Software Engineer, Bloomerang,"Remote, US","May 20, 2026 5:01 PM",https://job-boards.greenhouse.io/bloomerang/jobs/4697994005?gh_src=my.greenhouse.search,2026-05-20 21:11
8558844002,"Data Analyst, Customer Success",Acrisure Innovation,"Austin, TX","May 20, 2026 5:17 PM",https://job-boards.greenhouse.io/acrisureinnovation/jobs/8558844002?gh_src=my.greenhouse.search,2026-05-20 21:21
5227296008,May 2026 Business Intelligence Intern,Phamily,"New York, NY","May 20, 2026 5:49 PM",https://job-boards.greenhouse.io/jobsatphamily/jobs/5227296008?gh_src=my.greenhouse.search,2026-05-20 21:50
7948183,Performance/Data Analyst,Ardent,"Washington, D.C. Metro","May 20, 2026 5:59 PM",https://boards.greenhouse.io/ardentmc/jobs/7948183?gh_jid=7948183&gh_src=my.greenhouse.search,2026-05-20 22:01
4697291005,Business Intelligence Analyst,Impinj,"Seattle, Washington, United States","May 20, 2026 6:23 PM",https://job-boards.greenhouse.io/impinjexternal/jobs/4697291005?gh_src=my.greenhouse.search,2026-05-20 22:31
7948344,DevSecOps Engineer,Blueprint Technologies,Remote,"May 20, 2026 7:43 PM",https://job-boards.greenhouse.io/bpcs/jobs/7948344?gh_src=my.greenhouse.search,2026-05-20 23:50
5204762008,Software Engineer,J&J Snack Foods,TN - La Vergne,"May 21, 2026 9:08 AM",https://job-boards.greenhouse.io/jjsnackfoods/jobs/5204762008?gh_src=my.greenhouse.search,2026-05-21 13:11
5775367004,DevOps Engineer,Two Six Technologies,"Chantilly, Virginia","May 21, 2026 10:41 AM",https://job-boards.greenhouse.io/twosixtechnologies/jobs/5775367004?gh_src=my.greenhouse.search,2026-05-21 14:51
7742105003,Healthcare Analyst II,Cohere Health,United States,"May 20, 2026 4:17 PM",https://job-boards.greenhouse.io/coherehealth/jobs/7742105003?gh_src=my.greenhouse.search,2026-05-21 17:11
7742205003,"AR Analyst, Associate",Realtor.com Careers,"Scottsdale, Arizona, United States","May 21, 2026 2:06 PM",https://boards.greenhouse.io/rdccareers/jobs/7742205003?gh_jid=7742205003&gh_src=my.greenhouse.search,2026-05-21 18:31
4698566005,Business Analyst - Workforce Development Software,Career Team,Remote in the United States,"May 21, 2026 3:56 PM",https://job-boards.greenhouse.io/careerteam/jobs/4698566005?gh_src=my.greenhouse.search,2026-05-21 20:01
7743212003,DevSecOps Engineer,Dark Wolf Solutions,"Arlington, VA","May 21, 2026 4:14 PM",https://job-boards.greenhouse.io/darkwolfsolutions/jobs/7743212003?gh_src=my.greenhouse.search,2026-05-21 20:21
5228352008,Business Intelligence Analyst,Renaissance Learning North America,Remote - US,"May 21, 2026 4:11 PM",https://job-boards.greenhouse.io/renaissancelearning-nam/jobs/5228352008?gh_src=my.greenhouse.search,2026-05-21 20:21
5144130007,Software Engineer II,Clinical Architecture,"Indianapolis, Indiana, United States","May 21, 2026 11:57 AM",https://job-boards.greenhouse.io/clinicalarchitecture/jobs/5144130007?gh_src=my.greenhouse.search,2026-05-21 20:21
7939120,Software Engineer III,Babel Street,"Reston, VA, United States","May 20, 2026 12:55 PM",https://job-boards.greenhouse.io/babelstreet/jobs/7939120?gh_src=my.greenhouse.search,2026-05-21 20:21
4873069101,Backend Software Engineer ,Netcraft,Remote,"May 21, 2026 3:53 PM",https://job-boards.eu.greenhouse.io/netcraft/jobs/4873069101?gh_src=my.greenhouse.search,2026-05-21 20:31
4683198006,Staff Software Engineer,Outschool,Remote (U.S. & Canada),"May 20, 2026 4:37 PM",https://job-boards.greenhouse.io/outschool/jobs/4683198006?gh_src=my.greenhouse.search,2026-05-21 20:31
5996687004,Sr. Data Engineer,BambooHR,Utah | Hybrid,"May 21, 2026 4:32 PM",https://job-boards.greenhouse.io/bamboohr17/jobs/5996687004?gh_src=my.greenhouse.search,2026-05-21 21:01
4257416009,Technical Business Analyst ,"ASSYST, Inc.","Tallahassee, Florida","May 22, 2026 8:34 AM",https://job-boards.greenhouse.io/assystinc/jobs/4257416009?gh_src=my.greenhouse.search,2026-05-22 12:41
4246655009,Data Platform Engineer,Tactile Medical,"Minneapolis, Minnesota","May 22, 2026 8:46 AM",https://job-boards.greenhouse.io/tactilemedical/jobs/4246655009?gh_src=my.greenhouse.search,2026-05-22 13:11
6003585004,Data Scientist ,NT Concepts,"Herndon, VA","May 22, 2026 9:49 AM",https://job-boards.greenhouse.io/ntconcepts/jobs/6003585004?gh_src=my.greenhouse.search,2026-05-22 13:51
4698774005,Software Engineer,Evio,Denver (Remote) ,"May 22, 2026 9:50 AM",https://job-boards.greenhouse.io/evio/jobs/4698774005?gh_src=my.greenhouse.search,2026-05-22 14:01
7954148,DevSecOps Engineer,Blueprint Technologies,Remote,"May 22, 2026 11:18 AM",https://job-boards.greenhouse.io/bpcs/jobs/7954148?gh_src=my.greenhouse.search,2026-05-22 15:21
4869777101,Data Engineer Consultant - NYC,Indicium AI,New York City,"May 22, 2026 12:06 PM",https://job-boards.eu.greenhouse.io/indiciumai/jobs/4869777101?gh_src=my.greenhouse.search,2026-05-22 16:11
4698824005,Data Engineer II,InStride Health,"Remote, US","May 22, 2026 12:39 PM",https://job-boards.greenhouse.io/instridehealth/jobs/4698824005?gh_src=my.greenhouse.search,2026-05-22 16:40
5228071008,Data Engineer III,"ENSCO, Inc.","Melbourne, Florida, United States","May 22, 2026 1:02 PM",https://job-boards.greenhouse.io/ensco/jobs/5228071008?gh_src=my.greenhouse.search,2026-05-22 17:11
5229573008,DevOps Engineer,LIGHTFEATHER IO LLC,"Washington, DC","May 22, 2026 4:09 PM",https://job-boards.greenhouse.io/lightfeatheriollc/jobs/5229573008?gh_src=my.greenhouse.search,2026-05-22 20:11
5229590008,ServiceNow Business Analyst,LIGHTFEATHER IO LLC,United States,"May 22, 2026 4:16 PM",https://job-boards.greenhouse.io/lightfeatheriollc/jobs/5229590008?gh_src=my.greenhouse.search,2026-05-22 20:21
8530256002,Data Engineer - Assistant Vice President ,iCapital,"Salt Lake City, Utah, United States","May 22, 2026 4:22 PM",https://job-boards.greenhouse.io/icapitalnetwork/jobs/8530256002?gh_src=my.greenhouse.search,2026-05-22 20:41
4252690009,Data Engineer,Hasbro,"Boston, Massachusetts, United States","May 22, 2026 4:13 PM",https://job-boards.greenhouse.io/hasbro/jobs/4252690009?gh_src=my.greenhouse.search,2026-05-22 20:51
5229553008,Azure DevOps Engineer,LIGHTFEATHER IO LLC,"Washington, DC","May 22, 2026 4:04 PM",https://job-boards.greenhouse.io/lightfeatheriollc/jobs/5229553008?gh_src=my.greenhouse.search,2026-05-22 20:51
5229591008,Technical Business Analyst - ServiceNow,LIGHTFEATHER IO LLC,United States,"May 22, 2026 4:16 PM",https://job-boards.greenhouse.io/lightfeatheriollc/jobs/5229591008?gh_src=my.greenhouse.search,2026-05-23 00:21
5225887008,Junior Software Engineer,LVT,"American Fork, Utah, United States","May 22, 2026 3:21 PM",https://job-boards.greenhouse.io/liveviewtechnologiesinc/jobs/5225887008?gh_src=my.greenhouse.search,2026-05-23 00:41
5227595008,Staff Software Engineer,Wilson Elser - Business & Legal Professionals,"New York, New York","May 21, 2026 9:46 AM",https://job-boards.greenhouse.io/wilsonelser/jobs/5227595008?gh_src=my.greenhouse.search,2026-05-23 00:50
7743150003,Software QA Engineer,Tomorrow.io,"Golden, Colorado, United States","May 21, 2026 2:57 PM",https://boards.greenhouse.io/tomorrow/jobs/7743150003?gh_jid=7743150003&gh_src=my.greenhouse.search,2026-05-23 01:01
721856,Implementation Developer,Stevens Capital Management LP,"Radnor, PA","May 24, 2026 1:00 AM",https://job-boards.greenhouse.io/scm/jobs/721856?gh_src=my.greenhouse.search,2026-05-25 11:01
5230006008,Data Engineer (AI),inKind,"Austin, in-person","May 23, 2026 10:02 AM",https://job-boards.greenhouse.io/inkind/jobs/5230006008?gh_src=my.greenhouse.search,2026-05-25 11:01
5216628008,Data Engineer,Vulcan Elements,"Research Triangle Park, NC","May 25, 2026 7:02 AM",https://job-boards.greenhouse.io/vulcanelements/jobs/5216628008?gh_src=my.greenhouse.search,2026-05-25 11:10
4684101006,Software Engineer II,Interface AI,"San Francisco, California (In-Office)","May 25, 2026 4:40 PM",https://job-boards.greenhouse.io/interfaceai/jobs/4684101006?gh_src=my.greenhouse.search,2026-05-25 20:40
4684104006,Staff Software Engineer,Interface AI,"San Francisco, California (In-Office)","May 25, 2026 4:50 PM",https://job-boards.greenhouse.io/interfaceai/jobs/4684104006?gh_src=my.greenhouse.search,2026-05-25 21:11
6004340004,Software Engineer,Two Six Technologies,"Chantilly, Virginia","May 26, 2026 9:27 AM",https://job-boards.greenhouse.io/twosixtechnologies/jobs/6004340004?gh_src=my.greenhouse.search,2026-05-26 13:31
4257075009,Staff Software Engineer,Fanatics Collectibles,"New York, NY, United States","May 26, 2026 9:32 AM",https://job-boards.greenhouse.io/fanaticscollectibles/jobs/4257075009?gh_src=my.greenhouse.search,2026-05-26 13:51
4257698009,Data Scientist,AMEND Consulting,"Cincinnati, Ohio, United States","May 26, 2026 11:29 AM",https://job-boards.greenhouse.io/amendconsulting/jobs/4257698009?gh_src=my.greenhouse.search,2026-05-26 15:31
4248878009,Strategic Business Analyst,,,,https://careers.empowerpharmacy.com/jobs/4248878009?gh_jid=4248878009&gh_src=my.greenhouse.search,2026-05-26 16:01
4248564009,"Data Engineer (Remote, US) ",Sayari,Remote - US,"May 26, 2026 12:48 PM",https://job-boards.greenhouse.io/sayari/jobs/4248564009?gh_src=my.greenhouse.search,2026-05-26 16:50
8560188002,"Software Engineer, I - Data Engineering",Torc Robotics,"Ann Arbor, MI","May 26, 2026 1:37 PM",https://job-boards.greenhouse.io/torcrobotics/jobs/8560188002?gh_src=my.greenhouse.search,2026-05-26 17:41
5219884008,Data Analyst,Murj,Remote - US,"May 26, 2026 1:33 PM",https://job-boards.greenhouse.io/murj/jobs/5219884008?gh_src=my.greenhouse.search,2026-05-26 17:41
7825263,QA Analyst,HugeInc,United States,"May 26, 2026 1:44 PM",https://job-boards.greenhouse.io/hugeinc/jobs/7825263?gh_src=my.greenhouse.search,2026-05-26 17:50
4679680005,Principal Software Engineer,Truffle Security,Remote,"May 26, 2026 2:58 PM",https://job-boards.greenhouse.io/trufflesecurity/jobs/4679680005?gh_src=my.greenhouse.search,2026-05-26 19:01
5123131007,Data Scientist ,eClinical Solutions,"Mansfield, MA (Remote) ","May 26, 2026 2:52 PM",https://job-boards.greenhouse.io/eclinicalsolutions/jobs/5123131007?gh_src=my.greenhouse.search,2026-05-26 19:01
6006216004,Research Analyst,Focus Financial Partners,"Deerfield, Illinois, United States","May 26, 2026 3:19 PM",https://job-boards.greenhouse.io/focusfinancialpartners/jobs/6006216004?gh_src=my.greenhouse.search,2026-05-26 19:41
6006211004,Research Analyst,Focus Partners Wealth,"Deerfield, Illinois, United States","May 26, 2026 3:19 PM",https://job-boards.greenhouse.io/focuspartnerswealth/jobs/6006211004?gh_src=my.greenhouse.search,2026-05-26 19:41
4699346005,Documentation Engineer,Virtru,"Washington, DC - Hybrid","May 26, 2026 4:19 PM",https://job-boards.greenhouse.io/virtru/jobs/4699346005?gh_src=my.greenhouse.search,2026-05-26 20:31
7958627,Data Engineer,Green Thumb,"Chicago, Illinois, United States","May 26, 2026 4:46 PM",https://job-boards.greenhouse.io/greenthumbindustries/jobs/7958627?gh_src=my.greenhouse.search,2026-05-26 20:51
7742890003,"Sr. Data Scientist, Product",Realtor.com Careers,"Austin, Texas, United States","May 26, 2026 6:26 PM",https://boards.greenhouse.io/rdccareers/jobs/7742890003?gh_jid=7742890003&gh_src=my.greenhouse.search,2026-05-26 22:51
5230956008,"Sr. Data Scientist, Clinical ",Prolaio,"Chicago, IL","May 26, 2026 12:22 PM",https://job-boards.greenhouse.io/prolaio/jobs/5230956008?gh_src=my.greenhouse.search,2026-05-26 22:51
5231947008,Software Engineer,Fay ,REMOTE-US; NYC or SF,"May 26, 2026 9:03 PM",https://job-boards.greenhouse.io/fay/jobs/5231947008?gh_src=my.greenhouse.search,2026-05-27 01:11
4259721009,Data Analyst III (6181),itD Tech,California,"May 26, 2026 9:56 PM",https://job-boards.greenhouse.io/itd/jobs/4259721009?gh_src=my.greenhouse.search,2026-05-27 02:01
4683762006,Data Engineer,BRUNT Workwear,"North Reading, MA","May 27, 2026 8:45 AM",https://boards.greenhouse.io/bruntworkwear/jobs/4683762006?gh_jid=4683762006&gh_src=my.greenhouse.search,2026-05-27 12:52
5056458008,Software Developer,Geotab,"Atlanta, Georgia - USA; Detroit, Michigan - USA","May 27, 2026 9:24 AM",https://job-boards.greenhouse.io/geotab/jobs/5056458008?gh_src=my.greenhouse.search,2026-05-27 13:31
4259097009,Billing Analyst,Kodiak Solutions,Remote,"May 27, 2026 9:38 AM",https://job-boards.greenhouse.io/kodiaksolutions/jobs/4259097009?gh_src=my.greenhouse.search,2026-05-27 13:41
7922639,Principal Software Engineer,"Vestmark, Inc.","Boston, MA (Hybrid)","May 27, 2026 9:31 AM",https://job-boards.greenhouse.io/vestmark/jobs/7922639?gh_src=my.greenhouse.search,2026-05-27 13:41
5231286008,Data Scientist,Analytic Services Inc,"Reston, VA","May 27, 2026 10:08 AM",https://job-boards.greenhouse.io/analyticservicesinc/jobs/5231286008?gh_jid=5231286008&gh_src=my.greenhouse.search,2026-05-27 14:11
5231278008,Data Engineer,Analytic Services Inc,"Reston, VA","May 27, 2026 10:07 AM",https://job-boards.greenhouse.io/analyticservicesinc/jobs/5231278008?gh_jid=5231278008&gh_src=my.greenhouse.search,2026-05-27 14:11
7749592003,MidLevel Dev Ops Software Developer,ELEVI Associates,"Fort Meade, MD","May 27, 2026 11:16 AM",https://job-boards.greenhouse.io/eleviassociates/jobs/7749592003?gh_src=my.greenhouse.search,2026-05-27 15:21
6007318004,Implementation Business Analyst SR,Sagent,Remote U.S.,"May 27, 2026 1:06 PM",https://job-boards.greenhouse.io/sagent/jobs/6007318004?gh_src=my.greenhouse.search,2026-05-27 17:11
5232677008,Data Analyst,Itero Group,"Sterling, VA","May 27, 2026 1:40 PM",https://job-boards.greenhouse.io/itero-group/jobs/5232677008?gh_src=my.greenhouse.search,2026-05-27 18:01
5222813008,Data Analyst,Analyticservicesinc,,,https://job-boards.greenhouse.io/analyticservicesinc/jobs/5222813008?gh_jid=5222813008&gh_src=my.greenhouse.search,2026-05-27 18:11
4684767006,Business Intelligence Developer,Blue Water Thinking,Fully Remote - Based in USA,"May 27, 2026 2:12 PM",https://job-boards.greenhouse.io/bluewaterthinking/jobs/4684767006?gh_src=my.greenhouse.search,2026-05-27 18:21
4260458009,Data Analyst V (6183),itD Tech,"West Metro, WA","May 27, 2026 3:01 PM",https://job-boards.greenhouse.io/itd/jobs/4260458009?gh_src=my.greenhouse.search,2026-05-27 19:21
7749873003,Software Engineer III,Topstep,United States,"May 27, 2026 4:03 PM",https://job-boards.greenhouse.io/topsteptrader/jobs/7749873003?gh_src=my.greenhouse.search,2026-05-27 20:11
8438468002,Staff Software Engineer,AlphaSense,Remote - United States,"May 27, 2026 4:12 PM",https://job-boards.greenhouse.io/alphasense/jobs/8438468002?gh_src=my.greenhouse.search,2026-05-27 20:31
5233282008,Data Business Analyst,Northmarq,"Minneapolis, Minnesota, United States","May 27, 2026 4:48 PM",https://job-boards.greenhouse.io/northmarq/jobs/5233282008?gh_src=my.greenhouse.search,2026-05-27 20:51
6007640004,Business Analyst,Focus Financial Partners,"Boston, MA; St. Louis, MO","May 27, 2026 4:55 PM",https://job-boards.greenhouse.io/focusfinancialpartners/jobs/6007640004?gh_src=my.greenhouse.search,2026-05-27 21:01
7961639,Data Engineer,Attention Arc,"Irvington, NY","May 27, 2026 5:05 PM",https://job-boards.greenhouse.io/attentionarc/jobs/7961639?gh_src=my.greenhouse.search,2026-05-27 21:11
5233403008,Azure DevOps Engineer,LIGHTFEATHER IO LLC,"Washington, DC","May 27, 2026 6:02 PM",https://job-boards.greenhouse.io/lightfeatheriollc/jobs/5233403008?gh_src=my.greenhouse.search,2026-05-27 22:11
5233401008,Azure Cloud/DevOps Engineer,LIGHTFEATHER IO LLC,"Washington, DC","May 27, 2026 6:01 PM",https://job-boards.greenhouse.io/lightfeatheriollc/jobs/5233401008?gh_src=my.greenhouse.search,2026-05-27 22:21
7750313003,DevOps Engineer,Skilled Wound Care,"Houston, TX","May 27, 2026 6:24 PM",https://job-boards.greenhouse.io/skilledwoundcare/jobs/7750313003?gh_src=my.greenhouse.search,2026-05-27 22:31
8561428002,"Director, Data Science",May Mobility,"Ann Arbor, MI","May 27, 2026 5:54 PM",https://job-boards.greenhouse.io/maymobility/jobs/8561428002?gh_src=my.greenhouse.search,2026-05-27 22:40
5233478008,DevOps Engineer,LIGHTFEATHER IO LLC,"Washington, DC","May 27, 2026 7:06 PM",https://job-boards.greenhouse.io/lightfeatheriollc/jobs/5233478008?gh_src=my.greenhouse.search,2026-05-27 23:11
5233489008,ServiceNow Business Analyst,LIGHTFEATHER IO LLC,United States,"May 27, 2026 7:14 PM",https://job-boards.greenhouse.io/lightfeatheriollc/jobs/5233489008?gh_src=my.greenhouse.search,2026-05-27 23:20
5233479008,GCP Cloud/DevOps Engineer,LIGHTFEATHER IO LLC,"Washington, DC","May 27, 2026 7:06 PM",https://job-boards.greenhouse.io/lightfeatheriollc/jobs/5233479008?gh_src=my.greenhouse.search,2026-05-27 23:41
5148431007,DevSecOps Engineer,CHAOS Industries,"Hawthorne, California, United States","May 27, 2026 8:08 PM",https://job-boards.greenhouse.io/chaosindustries/jobs/5148431007?gh_src=my.greenhouse.search,2026-05-28 00:11
7750376003,Data Operations Analyst,Carta,"Sandy, UT","May 27, 2026 8:07 PM",https://job-boards.greenhouse.io/carta/jobs/7750376003?gh_src=my.greenhouse.search,2026-05-28 00:11
7750374003,Data Operations Analyst,Carta,"Seattle, WA","May 27, 2026 8:06 PM",https://job-boards.greenhouse.io/carta/jobs/7750374003?gh_src=my.greenhouse.search,2026-05-28 00:11
4260932009,Business Analyst - Intake SME,LUX Infusion,United States Of America,"May 27, 2026 8:26 PM",https://job-boards.greenhouse.io/luxinfusion/jobs/4260932009?gh_src=my.greenhouse.search,2026-05-28 00:40
7750315003,Full Stack Software Developer,Skilled Wound Care,"Houston, TX","May 27, 2026 6:32 PM",https://job-boards.greenhouse.io/skilledwoundcare/jobs/7750315003?gh_src=my.greenhouse.search,2026-05-28 13:41
7942349,Media Data Analyst ,Attention Arc,"Irvington, New York","May 27, 2026 4:57 PM",https://job-boards.greenhouse.io/attentionarc/jobs/7942349?gh_src=my.greenhouse.search,2026-05-28 14:31
5231405008,Manufacturing Data Analyst Intern,Zone 5 Technologies,"San Luis Obispo, California, United States","May 26, 2026 10:58 PM",https://job-boards.greenhouse.io/zone5technologies/jobs/5231405008?gh_src=my.greenhouse.search,2026-05-28 14:31
5148476007,Cybersecurity SOC Analyst II,CHAOS Industries,"Hawthorne, California, United States","May 27, 2026 8:21 PM",https://job-boards.greenhouse.io/chaosindustries/jobs/5148476007?gh_src=my.greenhouse.search,2026-05-28 14:51
5233925008,Operations Analyst,Cottingham & Butler,"Dubuque, Iowa, United States","May 28, 2026 10:35 AM",https://boards.greenhouse.io/cottinghambutlerinsuranceservicesinc/jobs/5233925008?gh_jid=5233925008&gh_src=my.greenhouse.search,2026-05-28 15:01
5233960008,Operations Analyst,HealthCheck360,"Dubuque, Iowa, United States","May 28, 2026 10:35 AM",https://job-boards.greenhouse.io/hc360/jobs/5233960008?gh_src=my.greenhouse.search,2026-05-28 15:41
4261245009,"Principal Consultant, Data Engineer",Lovelytics,"Arlington, VA , Chicago, IL, Remote, US","May 28, 2026 11:45 AM",https://job-boards.greenhouse.io/lovelytics/jobs/4261245009?gh_src=my.greenhouse.search,2026-05-28 15:51
5148478007,Cybersecurity SOC Analyst II,CHAOS Industries,"Washington, District of Columbia, United States","May 27, 2026 8:23 PM",https://job-boards.greenhouse.io/chaosindustries/jobs/5148478007?gh_src=my.greenhouse.search,2026-05-28 15:51
5148477007,Cybersecurity SOC Analyst II,CHAOS Industries,"San Francisco, California, United States","May 27, 2026 8:22 PM",https://job-boards.greenhouse.io/chaosindustries/jobs/5148477007?gh_src=my.greenhouse.search,2026-05-28 15:51
4683750006,Data Analyst,PitchBook Data,"New York, New York, United States","May 28, 2026 12:33 PM",https://job-boards.greenhouse.io/pitchbookdata/jobs/4683750006?gh_src=my.greenhouse.search,2026-05-28 16:41
5234324008,Software Engineer ,weavix Inc.,"Lenexa, KS or Wichita, KS","May 28, 2026 12:47 PM",https://job-boards.greenhouse.io/weavixinc/jobs/5234324008?gh_src=my.greenhouse.search,2026-05-28 16:51
4261652009,Software Developer,Kepora,Herndon,"May 28, 2026 12:58 PM",https://job-boards.greenhouse.io/kepora/jobs/4261652009?gh_src=my.greenhouse.search,2026-05-28 17:01
4261650009,Data Scientist,Kepora,Herndon,"May 28, 2026 12:57 PM",https://job-boards.greenhouse.io/kepora/jobs/4261650009?gh_src=my.greenhouse.search,2026-05-28 17:01
4261638009,Software Engineer,Kepora,Herndon,"May 28, 2026 12:53 PM",https://job-boards.greenhouse.io/kepora/jobs/4261638009?gh_src=my.greenhouse.search,2026-05-28 17:01
5148966007,Functional Business Analyst,CapNexus,"Remote, New York","May 28, 2026 1:09 PM",https://job-boards.greenhouse.io/capstoneintegratedsolutions/jobs/5148966007?gh_src=my.greenhouse.search,2026-05-28 17:11
4700023005,Business Development Analyst,Audax Group,"Boston, MA","May 28, 2026 1:20 PM",https://job-boards.greenhouse.io/audaxgroup/jobs/4700023005?gh_src=my.greenhouse.search,2026-05-28 17:21
6008319004,Operations Analyst,Galaxy,"New York, NY","May 28, 2026 1:49 PM",https://job-boards.greenhouse.io/galaxydigitalservices/jobs/6008319004?gh_src=my.greenhouse.search,2026-05-28 18:11
5149077007,DevOps Engineer,Aperia,"Omaha, Nebraska, United States","May 28, 2026 2:38 PM",https://job-boards.greenhouse.io/aperiasolutions/jobs/5149077007?gh_src=my.greenhouse.search,2026-05-28 18:41
8569140002,Data Scientist,Core One,"Tysons Corner, VA","May 28, 2026 2:53 PM",https://job-boards.greenhouse.io/coreone/jobs/8569140002?gh_src=my.greenhouse.search,2026-05-28 19:01
5149017007,Data Engineer,M9 Solutions,"Springfield, VA - TS/SCI clearance required","May 28, 2026 4:35 PM",https://job-boards.greenhouse.io/m9solutions/jobs/5149017007?gh_src=my.greenhouse.search,2026-05-28 20:41
8569663002,Data Scientist,Core One,"Tampa, Florida","May 28, 2026 4:57 PM",https://job-boards.greenhouse.io/coreone/jobs/8569663002?gh_src=my.greenhouse.search,2026-05-28 21:01
4264591009,Software Engineer Intern,SK hynix memory solutions America Inc.,San Jose,"May 28, 2026 8:25 PM",https://job-boards.greenhouse.io/skhynixmemorysolutionsamericainc/jobs/4264591009?gh_src=my.greenhouse.search,2026-05-29 00:41
7747910003,Software Engineer ,CommerceIQ,"Mountain View, California, United States","May 29, 2026 6:24 AM",https://job-boards.greenhouse.io/commerceiq/jobs/7747910003?gh_src=my.greenhouse.search,2026-05-29 11:01
7747909003,Software Development Engineer,CommerceIQ,"Mountain View, California, United States","May 29, 2026 6:23 AM",https://job-boards.greenhouse.io/commerceiq/jobs/7747909003?gh_src=my.greenhouse.search,2026-05-29 11:01
4697024005,Technical Data Analyst II,GHX,Office Location or Remote - USA,"May 28, 2026 6:32 PM",https://job-boards.greenhouse.io/globalhealthcareexchangeinc/jobs/4697024005?gh_src=my.greenhouse.search,2026-05-29 11:01
6008967004,Management Analyst,Teracore,"Washington, DC","May 29, 2026 9:52 AM",https://job-boards.greenhouse.io/teracore/jobs/6008967004?gh_src=my.greenhouse.search,2026-05-29 14:21
7753421003,Business System Analyst,Metropolis,"Orlando, Florida, United States","May 29, 2026 12:48 PM",https://job-boards.greenhouse.io/metropolis/jobs/7753421003?gh_src=my.greenhouse.search,2026-05-29 17:01
4238256009,DevSecOps Engineer,C5MI Insight,United States - Remote,"May 29, 2026 1:40 PM",https://job-boards.greenhouse.io/c5miinsightllc/jobs/4238256009?gh_src=my.greenhouse.search,2026-05-29 17:41
4265264009,Lab Analyst,Certified Group Careers,"Allentown, PA","May 29, 2026 2:36 PM",https://job-boards.greenhouse.io/certifiedgroup/jobs/4265264009?gh_src=my.greenhouse.search,2026-05-29 18:51
4253388009,"DevOps Engineer, II",Encoura,"Remote, US","May 29, 2026 2:22 PM",https://job-boards.greenhouse.io/encoura/jobs/4253388009?gh_src=my.greenhouse.search,2026-05-29 18:51
5130252007,DevOps Engineer,M9Solutions,,,https://job-boards.greenhouse.io/m9solutions/jobs/5130252007?gh_src=my.greenhouse.search,2026-05-29 20:01
4264803009,Lab Analyst,Certified Group Careers,"Plainwell, MI","May 29, 2026 3:53 PM",https://job-boards.greenhouse.io/certifiedgroup/jobs/4264803009?gh_src=my.greenhouse.search,2026-05-29 20:11
5236194008,DevOps Engineer,LIGHTFEATHER IO LLC,"Washington, DC","May 29, 2026 4:54 PM",https://job-boards.greenhouse.io/lightfeatheriollc/jobs/5236194008?gh_src=my.greenhouse.search,2026-05-29 21:01
7753999003,Financial Analyst,Neuralink,"South San Francisco, California, United States","May 29, 2026 5:07 PM",https://boards.greenhouse.io/neuralink/jobs/7753999003?gh_jid=7753999003&gh_src=my.greenhouse.search,2026-05-29 21:11
5236251008,ServiceNow Business Analyst,LIGHTFEATHER IO LLC,United States,"May 29, 2026 5:07 PM",https://job-boards.greenhouse.io/lightfeatheriollc/jobs/5236251008?gh_src=my.greenhouse.search,2026-05-29 21:31
5230863008,"Data Analyst, People Analytics",New Relic,"Atlanta, Georgia, USA; Portland, Oregon, USA","May 29, 2026 5:46 PM",https://job-boards.greenhouse.io/newrelic/jobs/5230863008?gh_src=my.greenhouse.search,2026-05-29 21:51
4265564009,Lab Analyst,Certified Group Careers,"Dallas, TX","May 29, 2026 5:39 PM",https://job-boards.greenhouse.io/certifiedgroup/jobs/4265564009?gh_src=my.greenhouse.search,2026-05-29 21:51
8571413002,Staff Data Analyst,Mission Lane,"Remote, United States","May 29, 2026 8:16 PM",https://job-boards.greenhouse.io/missionlane/jobs/8571413002?gh_src=my.greenhouse.search,2026-05-30 00:20
5237220008,Data Analyst,Buildkite,USA - West Coast,"Jun 1, 2026 3:48 AM",https://job-boards.greenhouse.io/buildkite/jobs/5237220008?gh_src=my.greenhouse.search,2026-06-01 11:01
596239,DevOps,Trace3,,,https://job-boards.greenhouse.io/trace3/jobs/596239?gh_src=my.greenhouse.search,2026-06-01 13:31
5228352008,Business Intelligence Analyst,Renaissancelearning Nam,,,https://job-boards.greenhouse.io/renaissancelearning-nam/jobs/5228352008?gh_src=my.greenhouse.search,2026-06-01 13:51
5226204008,Data and Analytics Engineer III,"Praxis Precision Medicines, Inc. ",United States - Remote,"Jun 1, 2026 11:01 AM",https://job-boards.greenhouse.io/praxisprecisionmedicines/jobs/5226204008?gh_src=my.greenhouse.search,2026-06-01 15:11
5228093008,DevOps Engineer II,Renaissance Learning North America,Remote - US,"Jun 1, 2026 11:11 AM",https://job-boards.greenhouse.io/renaissancelearning-nam/jobs/5228093008?gh_src=my.greenhouse.search,2026-06-01 15:21
5150286007,Software Test Engineer,Clinicalarchitecture,,,https://job-boards.greenhouse.io/clinicalarchitecture/jobs/5150286007?gh_src=my.greenhouse.search,2026-06-01 15:21
5151427007,Expert Software Engineer,Freedom Technology Solutions Group,"Herndon, VA","Jun 1, 2026 11:29 AM",https://job-boards.greenhouse.io/freedomconsulting/jobs/5151427007?gh_src=my.greenhouse.search,2026-06-01 15:31
5150377007,Business Insights Analyst I,"AvidXchange, Inc.","Charlotte, North Carolina, United States","Jun 1, 2026 11:48 AM",https://job-boards.greenhouse.io/avidxchangeinc/jobs/5150377007?gh_src=my.greenhouse.search,2026-06-01 16:01
4701507005,Software Development Engineer 3,iSpot,Remote,"Jun 1, 2026 1:56 PM",https://job-boards.greenhouse.io/ispottv/jobs/4701507005?gh_src=my.greenhouse.search,2026-06-01 18:01
4266385009,Systems Data Analyst,"ASSYST, Inc.","Tallahassee, FL","Jun 1, 2026 2:46 PM",https://job-boards.greenhouse.io/assystinc/jobs/4266385009?gh_src=my.greenhouse.search,2026-06-01 18:51
7716089,Sr Data Engineer,BeyondTrust,"Johns Creek, GA","Jun 1, 2026 11:47 AM",https://job-boards.greenhouse.io/beyondtrust/jobs/7716089?gh_src=my.greenhouse.search,2026-06-01 19:11
4266508009,Business Analyst ,Lovelytics,"Arlington, VA , Chicago, IL, Remote, US","Jun 1, 2026 3:34 PM",https://job-boards.greenhouse.io/lovelytics/jobs/4266508009?gh_src=my.greenhouse.search,2026-06-01 19:41
4701566005,DevSecOps (Kubernetes) SME,Rackner,Remote (United States),"Jun 1, 2026 3:44 PM",https://job-boards.greenhouse.io/rackner/jobs/4701566005?gh_src=my.greenhouse.search,2026-06-01 20:10
5235923008,Software Test Engineer,"ENSCO, Inc.","Frisco, Texas, United States","Jun 1, 2026 4:13 PM",https://job-boards.greenhouse.io/ensco/jobs/5235923008?gh_src=my.greenhouse.search,2026-06-01 20:31
5775367004,DevOps Engineer,Twosixtechnologies,,,https://job-boards.greenhouse.io/twosixtechnologies/jobs/5775367004?gh_src=my.greenhouse.search,2026-06-01 20:31
4266685009,.NET Software Engineer/Developer,Foxhole Technology,"Arlington, VA ","Jun 1, 2026 4:35 PM",https://job-boards.greenhouse.io/foxholetechnology/jobs/4266685009?gh_src=my.greenhouse.search,2026-06-01 20:41
4259437009,Software Developer(BOAT Application Developer),"i360technologies, Inc.","Washington, DC","Jun 1, 2026 4:47 PM",https://job-boards.greenhouse.io/i360technologiesinc/jobs/4259437009?gh_src=my.greenhouse.search,2026-06-01 20:51
4701613005,Data Scientist,iSpot,Remote,"Jun 1, 2026 4:41 PM",https://job-boards.greenhouse.io/ispottv/jobs/4701613005?gh_src=my.greenhouse.search,2026-06-01 20:51
5198663008,Sr. System Integration Analyst II,Uber Freight,"Frisco, TX 75034, United States","Jun 1, 2026 3:14 PM",https://job-boards.greenhouse.io/uberfreight/jobs/5198663008?gh_src=my.greenhouse.search,2026-06-01 21:40
7967086,Staff Data Engineer,"Crunchyroll, LLC","Los Angeles, California, United States","Jun 1, 2026 11:39 AM",https://boards.greenhouse.io/crunchyroll/jobs/7967086?gh_jid=7967086&gh_src=my.greenhouse.search,2026-06-01 21:50
5238329008,Data Engineer,Robots and Pencils,US - Remote,"Jun 1, 2026 7:19 PM",https://job-boards.greenhouse.io/robotsandpencils/jobs/5238329008?gh_src=my.greenhouse.search,2026-06-01 23:20
5238435008,Data Scientist ,Robots and Pencils,US - Remote,"Jun 1, 2026 8:01 PM",https://job-boards.greenhouse.io/robotsandpencils/jobs/5238435008?gh_src=my.greenhouse.search,2026-06-02 00:11
6002969004,Financial Analyst,,,,https://www.wppproduction.com/careers/jobs/6002969004?gh_jid=6002969004&gh_src=my.greenhouse.search,2026-06-02 00:31
7960706,Data Analyst,YipitData,US Remote,"Jun 1, 2026 8:46 PM",https://job-boards.greenhouse.io/yipitdata/jobs/7960706?gh_src=my.greenhouse.search,2026-06-02 00:51
6010965004,DevOps Engineer (Remote),Torq,"Providence, Rhode Island, United States","Jun 2, 2026 5:47 AM",https://job-boards.greenhouse.io/torq/jobs/6010965004?gh_src=my.greenhouse.search,2026-06-02 13:11
8573926002,Business Analyst,Dev Technology,"Washington, D.C. ","Jun 2, 2026 9:19 AM",https://job-boards.greenhouse.io/devtechnology/jobs/8573926002?gh_src=my.greenhouse.search,2026-06-02 13:21
5238306008,"Software Engineer, Full Stack",EverDriven,"Greenwood Village, Colorado, United States","Jun 2, 2026 9:13 AM",https://job-boards.greenhouse.io/everdriven/jobs/5238306008?gh_src=my.greenhouse.search,2026-06-02 13:31
5232258008,Product Data Analyst (Fintech/Payments),NMI,"Remote, US","Jun 1, 2026 11:41 AM",https://job-boards.greenhouse.io/nmi/jobs/5232258008?gh_src=my.greenhouse.search,2026-06-02 13:31
4267480009,Data Engineer,Hasbro,"Boston, Massachusetts, United States","Jun 2, 2026 9:45 AM",https://job-boards.greenhouse.io/hasbro/jobs/4267480009?gh_src=my.greenhouse.search,2026-06-02 13:51
4267520009,Financial Analyst,Athena Club,"New York, New York","Jun 2, 2026 11:44 AM",https://job-boards.greenhouse.io/athenaclub/jobs/4267520009?gh_src=my.greenhouse.search,2026-06-02 15:51
4880340101,Analyst,Man Group,New York,"Jun 2, 2026 12:06 PM",https://job-boards.eu.greenhouse.io/mangroup/jobs/4880340101?gh_src=my.greenhouse.search,2026-06-02 16:11
4266727009,AI Quality Analyst,Innodata Inc.,Remote - Oklahoma  ,"Jun 2, 2026 12:18 PM",https://job-boards.greenhouse.io/innodatainc/jobs/4266727009?gh_src=my.greenhouse.search,2026-06-02 16:31
4266738009,AI Content Analyst,Innodata Inc.,Remote - Montana  ,"Jun 2, 2026 12:18 PM",https://job-boards.greenhouse.io/innodatainc/jobs/4266738009?gh_src=my.greenhouse.search,2026-06-02 16:31
4266737009,AI Content Analyst,Innodata Inc.,Remote - Tennessee  ,"Jun 2, 2026 12:18 PM",https://job-boards.greenhouse.io/innodatainc/jobs/4266737009?gh_src=my.greenhouse.search,2026-06-02 16:31
4266798009,Applied AI Analyst,Innodata Inc.,Remote - Maryland  ,"Jun 2, 2026 12:18 PM",https://job-boards.greenhouse.io/innodatainc/jobs/4266798009?gh_src=my.greenhouse.search,2026-06-02 16:31
4266629009,AI Quality Analyst,Innodata Inc.,Remote - South Carolina  ,"Jun 2, 2026 12:18 PM",https://job-boards.greenhouse.io/innodatainc/jobs/4266629009?gh_src=my.greenhouse.search,2026-06-02 16:31
4266638009,AI Content Analyst,Innodata Inc.,Remote - Utah  ,"Jun 2, 2026 12:18 PM",https://job-boards.greenhouse.io/innodatainc/jobs/4266638009?gh_src=my.greenhouse.search,2026-06-02 16:31
4266864009,Data Engineer,Innodata Inc.,Remote - United States,"Jun 2, 2026 1:30 PM",https://job-boards.greenhouse.io/innodatainc/jobs/4266864009?gh_src=my.greenhouse.search,2026-06-02 17:31
5238635008,Software Developer II,RF-SMART,"Highlands Ranch, Colorado, United States","Jun 2, 2026 2:05 PM",https://job-boards.greenhouse.io/rfsmart/jobs/5238635008?gh_src=my.greenhouse.search,2026-06-02 18:11
4271515009,Data Engineer III (6193),itD Tech,"Menlo Park, CA","Jun 2, 2026 2:11 PM",https://job-boards.greenhouse.io/itd/jobs/4271515009?gh_src=my.greenhouse.search,2026-06-02 18:21
6010968004,DevOps Engineer (Remote),Torq,"Boston, Massachusetts, United States","Jun 2, 2026 5:51 AM",https://job-boards.greenhouse.io/torq/jobs/6010968004?gh_src=my.greenhouse.search,2026-06-02 19:01
7760515003,"Data Engineer (U.S. Citizen, Secret/Top Secret), Washington D.C.","Rhombus Power, Inc.","Washington, District of Columbia, United States","Jun 1, 2026 6:32 PM",https://job-boards.greenhouse.io/rhombuspower/jobs/7760515003?gh_src=my.greenhouse.search,2026-06-02 19:11
5236099008,Software Developer II,RF-SMART,"Jacksonville, Florida, United States","Jun 2, 2026 3:37 PM",https://job-boards.greenhouse.io/rfsmart/jobs/5236099008?gh_src=my.greenhouse.search,2026-06-02 19:41
5239410008,"Data Engineer, AI/ML III/IV",Zone 5 Technologies,United States,"Jun 2, 2026 3:30 PM",https://job-boards.greenhouse.io/zone5technologies/jobs/5239410008?gh_src=my.greenhouse.search,2026-06-02 19:41
5239502008,Data Business Analyst,Northmarq,"Charlotte, North Carolina, United States","Jun 2, 2026 4:04 PM",https://job-boards.greenhouse.io/northmarq/jobs/5239502008?gh_src=my.greenhouse.search,2026-06-02 20:11
7977483,DevSecOps Engineer,Ardent,"Washington, D.C. Metro","Jun 2, 2026 4:26 PM",https://boards.greenhouse.io/ardentmc/jobs/7977483?gh_jid=7977483&gh_src=my.greenhouse.search,2026-06-02 20:31
4268167009,Data Engineer,Total Performance Consulting,"United States, Canada","Jun 2, 2026 4:34 PM",https://job-boards.greenhouse.io/perform-careers/jobs/4268167009?gh_src=my.greenhouse.search,2026-06-02 20:41
5225244008,Software Engineer 2 - SE Focused,Captivation,,,https://job-boards.greenhouse.io/captivation/jobs/5225244008?gh_src=my.greenhouse.search,2026-06-02 20:41
5239587008,DevOps Engineer,LIGHTFEATHER IO LLC,"Washington, DC","Jun 2, 2026 4:40 PM",https://job-boards.greenhouse.io/lightfeatheriollc/jobs/5239587008?gh_src=my.greenhouse.search,2026-06-02 20:51
5239630008,ServiceNow Business Analyst,LIGHTFEATHER IO LLC,United States,"Jun 2, 2026 4:49 PM",https://job-boards.greenhouse.io/lightfeatheriollc/jobs/5239630008?gh_src=my.greenhouse.search,2026-06-02 21:01
4702052005,Financial Analyst,Impinj,"Seattle, Washington, United States","Jun 2, 2026 4:54 PM",https://job-boards.greenhouse.io/impinjexternal/jobs/4702052005?gh_src=my.greenhouse.search,2026-06-02 21:20
5238831008,Data & Analytics Engineer,True Classic ,"Calabasas, CA","Jun 2, 2026 5:35 PM",https://job-boards.greenhouse.io/trueclassicteesllc/jobs/5238831008?gh_src=my.greenhouse.search,2026-06-02 21:41
4702136005,Staff Software Engineer,Imagine Pediatrics,United States (Remote) ,"Jun 2, 2026 8:32 PM",https://job-boards.greenhouse.io/imaginepediatrics/jobs/4702136005?gh_src=my.greenhouse.search,2026-06-03 00:51
6011264004,Data Analyst,Whalar Group,"New York, NY","Jun 3, 2026 8:47 AM",https://job-boards.greenhouse.io/whalarinc/jobs/6011264004?gh_src=my.greenhouse.search,2026-06-03 12:51
6011799004,Data Engineer,Anteriad ,remote,"Jun 3, 2026 10:26 AM",https://job-boards.greenhouse.io/anteriad/jobs/6011799004?gh_src=my.greenhouse.search,2026-06-03 14:31
5231866008,Data Scientist III,Uber Freight,"Chicago, IL 60607, United States","Jun 3, 2026 1:52 PM",https://job-boards.greenhouse.io/uberfreight/jobs/5231866008?gh_src=my.greenhouse.search,2026-06-03 18:11
4272995009,Software Engineer,GRVTY,"Chantilly, Virginia, United States","Jun 3, 2026 4:07 PM",https://job-boards.greenhouse.io/grvty/jobs/4272995009?gh_src=my.greenhouse.search,2026-06-03 20:11
6010969004,DevOps Engineer (Remote),Torq,"Washington, United States","Jun 2, 2026 5:55 AM",https://job-boards.greenhouse.io/torq/jobs/6010969004?gh_src=my.greenhouse.search,2026-06-03 23:21
7750313003,DevOps Engineer,Skilledwoundcare,,,https://job-boards.greenhouse.io/skilledwoundcare/jobs/7750313003?gh_src=my.greenhouse.search,2026-06-04 01:21
5225707008,Pricing Analyst II,Uber Freight,"Chicago, IL 60607, United States","Jun 3, 2026 2:41 PM",https://job-boards.greenhouse.io/uberfreight/jobs/5225707008?gh_src=my.greenhouse.search,2026-06-04 02:11
5239578008,Azure DevOps Engineer,LIGHTFEATHER IO LLC,"Washington, DC","Jun 2, 2026 4:37 PM",https://job-boards.greenhouse.io/lightfeatheriollc/jobs/5239578008?gh_src=my.greenhouse.search,2026-06-04 11:51
4273408009,Demand Analyst ,"ASSYST, Inc.","Tallahassee, FL","Jun 4, 2026 8:12 AM",https://job-boards.greenhouse.io/assystinc/jobs/4273408009?gh_src=my.greenhouse.search,2026-06-04 12:51
8570352002,Application Developer,Anaplan,"Minneapolis, United States","Jun 4, 2026 12:32 PM",https://job-boards.greenhouse.io/anaplan/jobs/8570352002?gh_src=my.greenhouse.search,2026-06-04 16:41
5231286008,Data Scientist,Analyticservicesinc,,,https://job-boards.greenhouse.io/analyticservicesinc/jobs/5231286008?gh_jid=5231286008&gh_src=my.greenhouse.search,2026-06-04 16:51
5129312007,Business Systems Analyst III,Energy Solutions - USA,Remote - US,"Jun 4, 2026 1:07 PM",https://job-boards.greenhouse.io/energysolutions/jobs/5129312007?gh_src=my.greenhouse.search,2026-06-04 17:11
5144601007,Business Insights Analyst II,"AvidXchange, Inc.","Charlotte, North Carolina, United States","Jun 4, 2026 1:25 PM",https://job-boards.greenhouse.io/avidxchangeinc/jobs/5144601007?gh_src=my.greenhouse.search,2026-06-04 17:31
7983355,Principal DevOps Engineer,Headspace,Remote - United States,"Jun 4, 2026 3:19 PM",https://job-boards.greenhouse.io/hs/jobs/7983355?gh_src=my.greenhouse.search,2026-06-04 19:21
8579254002,Marketing Data Analyst,SmithRx,Remote,"Jun 4, 2026 3:27 PM",https://job-boards.greenhouse.io/smithrx/jobs/8579254002?gh_src=my.greenhouse.search,2026-06-04 19:31
8550544002,Data Analyst,Modern Health,Remote - US,"Jun 4, 2026 4:04 PM",https://job-boards.greenhouse.io/modernhealth/jobs/8550544002?gh_src=my.greenhouse.search,2026-06-04 20:11
4274085009,Data Science Software Engineer,GRVTY,"Laurel, Maryland, United States","Jun 4, 2026 4:58 PM",https://job-boards.greenhouse.io/grvty/jobs/4274085009?gh_src=my.greenhouse.search,2026-06-04 21:01
7762608003,DevOps Engineer,2K,"Austin, Texas, United States","Jun 4, 2026 6:09 PM",https://job-boards.greenhouse.io/2k/jobs/7762608003?gh_src=my.greenhouse.search,2026-06-04 22:11
5241095008,Software Engineer II ,LVT,"American Fork, Utah, United States","Jun 4, 2026 6:40 PM",https://job-boards.greenhouse.io/liveviewtechnologiesinc/jobs/5241095008?gh_src=my.greenhouse.search,2026-06-05 01:31
4273783009,Software Engineer III,Beacon Biosignals,"Boston, MA / Remote","Jun 4, 2026 1:59 PM",https://job-boards.greenhouse.io/beaconbiosignals/jobs/4273783009?gh_src=my.greenhouse.search,2026-06-05 11:21
4261650009,Data Scientist,Kepora,,,https://job-boards.greenhouse.io/kepora/jobs/4261650009?gh_src=my.greenhouse.search,2026-06-05 12:01
5248794008,Sr Business Operations Analyst,LG Electronics,"Alpharetta, GA","Jun 5, 2026 8:29 AM",https://job-boards.greenhouse.io/lgelectronics/jobs/5248794008?gh_src=my.greenhouse.search,2026-06-05 12:41
